_ID,index_in_page,NAME,GROUP,DAY/TIME/ROOM1,DAY/TIME/ROOM2,DAY/TIME/ROOM3,DAY/TIME/ROOM4,PROFESSORS,PROFESSOR1,PROFESSOR2,PROFESSOR3,DAY1,TIME1,DAY2,TIME2,DAY3,TIME3,DAY4,TIME4
0,1,ACABADO DEL CUERO,A,"SABADO/9-13/LAB. DE CURTIDURIA, EDIF. G",,,,JUAN FRANCISCO RAYAS ROJAS,JUAN FRANCISCO RAYAS ROJAS,,,SABADO,9-13,,,,,,
1,2,ADMINISTRACION Y MANEJO DE PERSONAL,A,SABADO/9-12/F1,,,,ALDELMO EMMANUEL ISRAEL REYES PABLO,ALDELMO EMMANUEL ISRAEL REYES PABLO,,,SABADO,9-12,,,,,,
2,3,ALGEBRA LINEAL,A,MARTES/8-10/F6,JUEVES/8-10/F6,,,MIGUEL ANGEL VALLEJO HERNANDEZ,MIGUEL ANGEL VALLEJO HERNANDEZ,,,MARTES,8-10,JUEVES,8-10,,,,
3,4,ALGEBRA LINEAL,B,LUNES/12-14/F2,MIERCOLES/12-14/F2,,,TEODORO CORDOVA FRAGA,TEODORO CORDOVA FRAGA,,,LUNES,12-14,MIERCOLES,12-14,,,,
4,5,ALGEBRA LINEAL AVANZADA,A,LUNES/15-17/G1,MIERCOLES/15-17/G1,,,AZARAEL ADONAY YEBRA PEREZ,AZARAEL ADONAY YEBRA PEREZ,,,LUNES,15-17,MIERCOLES,15-17,,,,
5,6,ANALISIS DE CIRCUITOS,A,"MARTES/12-16/LAB. DE ELECTRONICA, EDIF. G","VIERNES/12-14/LAB. DE ELECTRONICA, EDIF. G",,,HUETZIN AARON PEREZ OLIVAS,HUETZIN AARON PEREZ OLIVAS,,,MARTES,12-16,VIERNES,12-14,,,,
6,7,ANALISIS DE CIRCUITOS,B,"MARTES/10-12/LAB. DE ELECTRONICA, EDIF. G","JUEVES/8-12/LAB. DE ELECTRONICA, EDIF G",,,JOSE MARCO BALLEZA ORDAZ,JOSE MARCO BALLEZA ORDAZ,,,MARTES,10-12,JUEVES,8-12,,,,
7,8,ANALISIS DE CIRCUITOS,C,"JUEVES/12-16/LAB. DE ELECTRONICA, EDIF. G","VIERNES/8-10/LAB. DE ELECTRONICA, EDIF. G",,,EDUARDO MONTES RAMIREZ,EDUARDO MONTES RAMIREZ,,,JUEVES,12-16,VIERNES,8-10,,,,
8,9,ANALISIS DE LA CULTURA MEXICANA,A,LUNES/16-19/AUDITORIO DEL EDIF. G,,,,FERNANDO AGUAS ANGEL,FERNANDO AGUAS ANGEL,,,LUNES,16-19,,,,,,
9,10,ANALISIS VECTORIAL,A,MARTES/10-12/F8,JUEVES/10-12/F9,,,JUAN BARRANCO MONARCA,JUAN BARRANCO MONARCA,,,MARTES,10-12,JUEVES,10-12,,,,
10,11,ANALISIS VECTORIAL,B,MIERCOLES/12-14/F9,VIERNES/8-10/F9,,,JUAN BARRANCO MONARCA,JUAN BARRANCO MONARCA,,,MIERCOLES,12-14,VIERNES,8-10,,,,
11,12,ANATOMIA Y FISIOLOGIA I,A,LUNES/8-10/C2,MIERCOLES/8-10/C2,,,JOSE FIDEL BAIZABAL CARVALLO,JOSE FIDEL BAIZABAL CARVALLO,,,LUNES,8-10,MIERCOLES,8-10,,,,
12,13,ANATOMIA Y FISIOLOGIA II,A,MARTES/8-10/C2,JUEVES/8-10/C2,,,VICTOR HUGO HERNANDEZ GONZALEZ,VICTOR HUGO HERNANDEZ GONZALEZ,,,MARTES,8-10,JUEVES,8-10,,,,
13,14,ARQUITECTURA DE MICROCONTROLADORES,A,"LUNES/8-12/LAB. DE ELECTRONICA, EDIF. G","MIERCOLES/8-10/LAB. DE ELECTRONICA, EDIF. G",,,EDUARDO MONTES RAMIREZ,EDUARDO MONTES RAMIREZ,,,LUNES,8-12,MIERCOLES,8-10,,,,
14,15,ARQUITECTURA DE MICROCONTROLADORES,B,"MIERCOLES/10-14/LAB. DE ELECTRONICA, EDIF. G","VIERNES/10-12/LAB. DE ELECTRONICA, EDIF. G",,,EDUARDO MONTES RAMIREZ,EDUARDO MONTES RAMIREZ,,,MIERCOLES,10-14,VIERNES,10-12,,,,
15,16,ARQUITECTURA DE MICROCONTROLADORES,C,"LUNES/10-14/LAB. DE ELECTRONICA, EDIF D","MIERCOLES/10-12/LAB. DE ELECTRONICA, EDIF. D",,,CARLOS VILLASENOR MORA,CARLOS VILLASENOR MORA,,,LUNES,10-14,MIERCOLES,10-12,,,,
16,17,BALANCE DE MATERIA Y ENERGIA,A,LUNES/12-14/C3,MIERCOLES/12-14/C3,,,CARLOS EDUARDO MOLINA GUERRERO,CARLOS EDUARDO MOLINA GUERRERO,,,LUNES,12-14,MIERCOLES,12-14,,,,
17,18,BIOESTADISTICA,A,MARTES/15-17/G1,VIERNES/10-12/C3,,,MA. GUADALUPE LEON VERDIN,MA. GUADALUPE LEON VERDIN,,,MARTES,15-17,VIERNES,10-12,,,,
18,19,BIOFISICA MEDICA,A,LUNES/10-12/C2,MIERCOLES/10-12/C2,,,MODESTO ANTONIO SOSA AQUINO/VICTOR HUGO HERNANDEZ GONZALEZ,MODESTO ANTONIO SOSA AQUINO,VICTOR HUGO HERNANDEZ GONZALEZ,,LUNES,10-12,MIERCOLES,10-12,,,,
19,20,BIOLOGIA CELULAR,A-III,MARTES/12-15/F1,"VIERNES/15-18/ LAB. DE BIOLOGIA, EDIF. G",,,SILVIA ALEJANDRA LOPEZ JUAREZ,SILVIA ALEJANDRA LOPEZ JUAREZ,,,MARTES,12-15,VIERNES,15-18,,,,
20,21,BIOLOGIA CELULAR,A-IV,MARTES/12-15/F1,"LUNES/12-15/LAB. DE BIOLOGIA, EDIF. G",,,SILVIA ALEJANDRA LOPEZ JUAREZ,SILVIA ALEJANDRA LOPEZ JUAREZ,,,MARTES,12-15,LUNES,12-15,,,,
21,22,BIOLOGIA CELULAR,B-I,JUEVES/12-15/F1,"MARTES/12-15/LAB. DE BIOLOGIA, EDIF. G",,,GUSTAVO BASURTO ISLAS,GUSTAVO BASURTO ISLAS,,,JUEVES,12-15,MARTES,12-15,,,,
22,23,BIOLOGIA CELULAR,B-II,JUEVES/12-15/F1,"VIERNES/12-15/LAB. DE BIOLOGIA, EDIF. G",,,GUSTAVO BASURTO ISLAS,GUSTAVO BASURTO ISLAS,,,JUEVES,12-15,VIERNES,12-15,,,,
23,24,BIOLOGIA CONTEMPORANEA,A,LUNES/16-18/SALA DE JUNTAS EDIF. B,JUEVES/16-18/ SALA DE JUNTAS EDIF. B,,,GUSTAVO BASURTO ISLAS / EDGAR VAZQUEZ NUNEZ /ARGELIA ROSILLO DE LA TORRE,GUSTAVO BASURTO ISLAS,EDGAR VAZQUEZ NUNEZ,ARGELIA ROSILLO DE LA TORRE,LUNES,16-18,JUEVES,16-18,,,,
24,25,BIOLOGIA MOLECULAR,A,LUNES/13-15/SALA DE JUNTAS EDIF. B,MIERCOLES/13-15/SALA DE JUNTAS EDIF. B,JUEVES/13-15/SALA DE JUNTAS EDIF. B,,LAURA EDITH CASTELLANO TORRES,LAURA EDITH CASTELLANO TORRES,,,LUNES,13-15,MIERCOLES,13-15,JUEVES,13-15,,
25,26,BIOMATERIALES,A,"VIERNES/12-15/LAB. DE INGENIERIA QUIMICA, EDIF. G",SABADO/9-12/C3,,,BIRZABITH MENDOZA NOVELO/SOLANGE IVETTE RIVERA MANRIQUE,BIRZABITH MENDOZA NOVELO,SOLANGE IVETTE RIVERA MANRIQUE,,VIERNES,12-15,SABADO,9-12,,,,
26,27,BIOMECANICA,A,"MARTES/10-12/ANTIGUO LAB. DE BIOMATERIALES, EDIF. C","JUEVES/10-14/ANTIGUO LAB. DE BIOMATERIALES, EDIF. C",,,ARTURO VEGA GONZALEZ/ARGELIA ROSILLO DE LA TORRE,ARTURO VEGA GONZALEZ,ARGELIA ROSILLO DE LA TORRE,,MARTES,10-12,JUEVES,10-14,,,,
27,28,BIOMECANICA AVANZADA,A,"MARTES/12-14/ANTIGUO LAB. DE BIOMATERIALES, EDIF. C","MIERCOLES/8-12/ANTIGUO LAB. DE BIOMATERIALES, EDIF. C",,,ARTURO VEGA GONZALEZ/MA. ISABEL DELGADILLO CANO,ARTURO VEGA GONZALEZ,MA. ISABEL DELGADILLO CANO,,MARTES,12-14,MIERCOLES,8-12,,,,
28,29,BIOQUIMICA,A-I,LUNES/12-13/F6,MIERCOLES/12-13/AUDITORIO DEL EDIF. G,VIERNES/10-11/G1,"MIERCOLES/8-11/LAB. DE BIOLOGIA, EDIF G",ARGELIA ROSILLO DE LA TORRE,ARGELIA ROSILLO DE LA TORRE,,,LUNES,12-13,MIERCOLES,12-13,VIERNES,10-11,MIERCOLES,8-11
29,30,BIOQUIMICA,A-III,LUNES/12-13/F6,MIERCOLES/12-13/AUDITORIO DEL EDIF. G,VIERNES/10-11/G1,"MARTES/8-11/LAB. DE BIOLOGIA, EDIF. G",ARGELIA ROSILLO DE LA TORRE /LAURA EDITH CASTELLANO TORRES,ARGELIA ROSILLO DE LA TORRE,LAURA EDITH CASTELLANO TORRES,,LUNES,12-13,MIERCOLES,12-13,VIERNES,10-11,MARTES,8-11
30,31,BIOQUIMICA,B-II,LUNES/8-9/F6,MIERCOLES/10-11/G1,JUEVES/11-12/C2,"JUEVES/8-11/LAB. DE BIOLOGIA, EDIF. G",LAURA EDITH CASTELLANO TORRES / SVETLANA KASHINA,LAURA EDITH CASTELLANO TORRES,SVETLANA KASHINA,,LUNES,8-9,MIERCOLES,10-11,JUEVES,11-12,JUEVES,8-11
31,32,BIOQUIMICA,B-III,LUNES/8-9/F6,MIERCOLES/10-11/G1,JUEVES/11-12/C2,"MARTES/8-11/LAB. DE BIOLOGIA, EDIF. G",LAURA EDITH CASTELLANO TORRES,LAURA EDITH CASTELLANO TORRES,,,LUNES,8-9,MIERCOLES,10-11,JUEVES,11-12,MARTES,8-11
32,33,BIOSEGURIDAD,A,MARTES/17-19/C2,JUEVES/17-19/C2,,,SAMUEL ALEJANDRO JUAREZ SANCHEZ,SAMUEL ALEJANDRO JUAREZ SANCHEZ,,,MARTES,17-19,JUEVES,17-19,,,,
33,34,CALCULO DE VARIAS VARIABLES,A,MARTES/8-10/AUDITORIO DEL EDIF. G,VIERNES/8-10/AUDITORIO DEL EDIF. G,,,JOSE LUIS LOPEZ PICON,JOSE LUIS LOPEZ PICON,,,MARTES,8-10,VIERNES,8-10,,,,
34,35,CALCULO DE VARIAS VARIABLES,B,LUNES/12-14/F7,MIERCOLES/12-14/F7,,,LORENA BERENICE VELAZQUEZ IBARRA,LORENA BERENICE VELAZQUEZ IBARRA,,,LUNES,12-14,MIERCOLES,12-14,,,,
35,36,CALCULO DE VARIAS VARIABLES,C,MARTES/8-10/F1,VIERNES/10-12/F1,,,OSCAR LOPEZ AGUAYO,OSCAR LOPEZ AGUAYO,,,MARTES,8-10,VIERNES,10-12,,,,
36,37,CALCULO DE VARIAS VARIABLES,D,MARTES/12-14/F2,MIERCOLES/10-12/C3,,,LORENA BERENICE VELAZQUEZ IBARRA,LORENA BERENICE VELAZQUEZ IBARRA,,,MARTES,12-14,MIERCOLES,10-12,,,,
37,38,CALCULO DE VARIAS VARIABLES,E,LUNES/15-17/F6,MIERCOLES/15-17/F6,,,LUIS ARTURO URENA LOPEZ,LUIS ARTURO URENA LOPEZ,,,LUNES,15-17,MIERCOLES,15-17,,,,
38,39,CALCULO DIFERENCIAL,A,MARTES/10-12/F7,JUEVES/10-12/F7,,,OCTAVIO JOSE OBREGON DIAZ,OCTAVIO JOSE OBREGON DIAZ,,,MARTES,10-12,JUEVES,10-12,,,,
39,40,CALCULO DIFERENCIAL,B,LUNES/15-17/F2,MIERCOLES/15-17/F2,,,FRANCISCO XAVIER LINARES CEDENO,FRANCISCO XAVIER LINARES CEDENO,,,LUNES,15-17,MIERCOLES,15-17,,,,
40,41,CALCULO INTEGRAL,A,MIERCOLES/10-12/F7,VIERNES/10-12/F7,,,CARSTEN HOLTFORT,CARSTEN HOLTFORT,,,MIERCOLES,10-12,VIERNES,10-12,,,,
41,42,CALCULO INTEGRAL,B,LUNES/10-12/F2,MIERCOLES/10-12/F2,,,ALEJANDRO GIL-VILLEGAS MONTIEL,ALEJANDRO GIL-VILLEGAS MONTIEL,,,LUNES,10-12,MIERCOLES,10-12,,,,
42,43,CALCULO INTEGRAL,C,MARTES/12-14/C3,VIERNES/12-14/F5,,,CARSTEN HOLTFORT,CARSTEN HOLTFORT,,,MARTES,12-14,VIERNES,12-14,,,,
43,44,CIENCIA DE MATERIALES,A,MARTES/17-19/F1,JUEVES/17-19/F1,,,CHRISTIAN GOMEZ SOLIS,CHRISTIAN GOMEZ SOLIS,,,MARTES,17-19,JUEVES,17-19,,,,
44,45,CINETICA QUIMICA Y CATALISIS,A-I,LUNES/12-14/F9,JUEVES/10-11/F6,"MARTES/8-11/LAB. DE QUIMICA, EDIF. G",,LEONARDO ALVAREZ VALTIERRA,LEONARDO ALVAREZ VALTIERRA,,,LUNES,12-14,JUEVES,10-11,MARTES,8-11,,
45,46,CINETICA QUIMICA Y CATALISIS,A-II,LUNES/12-14/F9,JUEVES/10-11/F6,"MARTES/11-14/LAB. DE QUIMICA, EDIF. G",,LEONARDO ALVAREZ VALTIERRA,LEONARDO ALVAREZ VALTIERRA,,,LUNES,12-14,JUEVES,10-11,MARTES,11-14,,
46,47,COMUNICACION ORAL Y ESCRITA,A,MARTES/15-18/AUDITORIO DEL EDIF. G,,,,MA. DEL CARMEN VARELA CHAVEZ,MA. DEL CARMEN VARELA CHAVEZ,,,MARTES,15-18,,,,,,
47,48,DESARROLLO HISTORICO DE LA FISICA MODERNA,A,LUNES/13-14/AUDITORIO DEL EDIF. B,JUEVES/12-14/AUDITORIO DEL EDIF. G,,,RAMON CASTANEDA PRIEGO,RAMON CASTANEDA PRIEGO,,,LUNES,13-14,JUEVES,12-14,,,,
48,49,DISENO DE PROCESOS,A,MARTES/15-17/CENTRO DE COMPUTO 2,JUEVES/15-17/CENTRO DE COMPUTO 2,,,CARLOS EDUARDO MOLINA GUERRERO,CARLOS EDUARDO MOLINA GUERRERO,,,MARTES,15-17,JUEVES,15-17,,,,
49,50,ECUACIONES DIFERENCIALES ORDINARIAS,A,MARTES/10-12/F6,VIERNES/8-10/F6,,,FRANCISCO MIGUEL VARGAS LUNA,FRANCISCO MIGUEL VARGAS LUNA,,,MARTES,10-12,VIERNES,8-10,,,,
50,51,ECUACIONES DIFERENCIALES ORDINARIAS,B,MARTES/10-12/G1,JUEVES/8-10/AUDITORIO DEL EDIF. G,,,MANUEL MARTINEZ JIMENEZ,MANUEL MARTINEZ JIMENEZ,,,MARTES,10-12,JUEVES,8-10,,,,
51,52,ECUACIONES DIFERENCIALES ORDINARIAS,C,MARTES/8-10/F2,JUEVES/10-12/G1,,,CARLOS HERMAN WIECHERS MEDINA,CARLOS HERMAN WIECHERS MEDINA,,,MARTES,8-10,JUEVES,10-12,,,,
52,53,ECUACIONES DIFERENCIALES ORDINARIAS,D,LUNES/15-17/F7,MIERCOLES/15-17/F7,,,GEMMA ELIZABETH PEREZ CUELLAR,GEMMA ELIZABETH PEREZ CUELLAR,,,LUNES,15-17,MIERCOLES,15-17,,,,
53,54,ECUACIONES DIFERENCIALES ORDINARIAS,E,MARTES/15-17/F2,JUEVES/15-17/F2,,,LUIS ARTURO URENA LOPEZ,LUIS ARTURO URENA LOPEZ,,,MARTES,15-17,JUEVES,15-17,,,,
54,55,ECUACIONES DIFERENCIALES PARCIALES,A,LUNES/8-10/AUDITORIO EDIF. G,MIERCOLES/8-10/AUDITORIO EDIF. G,,,DAVID YVES GHISLAIN DELEPINE,DAVID YVES GHISLAIN DELEPINE,,,LUNES,8-10,MIERCOLES,8-10,,,,
55,56,ELECTRICIDAD Y MAGNETISMO,A-I,LUNES/12-14/G1,MARTES/12-14/G1,"VIERNES/12-14/LAB. DE FISICA MODERNA, EDIF. G",,LENIN FRANCISCO ESCAMILLA HERRERA / GERARDO GUTIERREZ JUAREZ,LENIN FRANCISCO ESCAMILLA HERRERA,GERARDO GUTIERREZ JUAREZ,,LUNES,12-14,MARTES,12-14,VIERNES,12-14,,
56,57,ELECTRICIDAD Y MAGNETISMO,A-II,LUNES/12-14/G1,MARTES/12-14/G1,"JUEVES/12-14/LAB. DE FISICA MODERNA, EDIF. G",,LENIN FRANCISCO ESCAMILLA HERRERA / GEORFREY HUMBERTO ISRAEL MAURY CUNA,LENIN FRANCISCO ESCAMILLA HERRERA,GEORFREY HUMBERTO ISRAEL MAURY CUNA,,LUNES,12-14,MARTES,12-14,JUEVES,12-14,,
57,58,ELECTRICIDAD Y MAGNETISMO,B-III,MARTES/12-14/AUDITORIO DEL EDIF. G,VIERNES/12-14/G1,"JUEVES/10-12/LAB. DE FISICA MODERNA, EDIF. G",,GEORFREY HUMBERTO ISRAEL MAURY CUNA,GEORFREY HUMBERTO ISRAEL MAURY CUNA,,,MARTES,12-14,VIERNES,12-14,JUEVES,10-12,,
58,59,ELECTRICIDAD Y MAGNETISMO,B-IV,MARTES/12-14/AUDITORIO DEL EDIF. G,VIERNES/12-14/G1,"MIERCOLES/10-12/LAB. DE FISICA MODERNA, EDIF. G",,GEORFREY HUMBERTO ISRAEL MAURY CUNA/ GERARDO GUTIERREZ JUAREZ,GEORFREY HUMBERTO ISRAEL MAURY CUNA,GERARDO GUTIERREZ JUAREZ,,MARTES,12-14,VIERNES,12-14,MIERCOLES,10-12,,
59,60,ELECTROMAGNETISMO,A,MARTES/12-14/C2,VIERNES/8-10/C2,,,JOSE LUIS LUCIO MARTINEZ,JOSE LUIS LUCIO MARTINEZ,,,MARTES,12-14,VIERNES,8-10,,,,
60,61,ELECTROMAGNETISMO,B,MARTES/8-10/F9,JUEVES/8-10/F9,,,JOSE SOCORRO GARCIA DIAZ,JOSE SOCORRO GARCIA DIAZ,,,MARTES,8-10,JUEVES,8-10,,,,
61,62,ESTADISTICA AVANZADA,A,MARTES/17-19/G1,JUEVES/17-19/G1,,,TEODORO CORDOVA FRAGA,TEODORO CORDOVA FRAGA,,,MARTES,17-19,JUEVES,17-19,,,,
62,63,ESTRUCTURA DE LA MATERIA,A,LUNES/13-14/F6,JUEVES/12-14/F5,,,JOSE JORGE DELGADO GARCIA,JOSE JORGE DELGADO GARCIA,,,LUNES,13-14,JUEVES,12-14,,,,
63,64,ESTRUCTURA DE LA MATERIA,B,MIERCOLES/10-12/F6,VIERNES/12-13/F6,,,LEONARDO ALVAREZ VALTIERRA,LEONARDO ALVAREZ VALTIERRA,,,MIERCOLES,10-12,VIERNES,12-13,,,,
64,65,FENOMENOLOGIA DE LAS PARTICULAS ELEMENTALES,A,LUNES/17-19/F6,MIERCOLES/17-19/F6,,,MAURO NAPSUCIALE MENDIVIL,MAURO NAPSUCIALE MENDIVIL,,,LUNES,17-19,MIERCOLES,17-19,,,,
65,66,FENOMENOS DE TRANSPORTE,A,MARTES/12-14/F7,JUEVES/8-10/F7,,,JULIO CESAR ARMAS PEREZ,JULIO CESAR ARMAS PEREZ,,,MARTES,12-14,JUEVES,8-10,,,,
66,67,FISICA CUANTICA,A-I,LUNES/12-14/AUDITORIO DEL EDIF. G,JUEVES/12-14/AUDITORIO DEL EDIF. B,"MIERCOLES/12-14/LAB. DE FISICA MODERNA, EDIF. G",,JULIAN FELIX VALDEZ / MIGUEL ANGEL HONORATO COLIN,JULIAN FELIX VALDEZ,MIGUEL ANGEL HONORATO COLIN,,LUNES,12-14,JUEVES,12-14,MIERCOLES,12-14,,
67,68,FISICA CUANTICA,A-II,LUNES/12-14/AUDITORIO DEL EDIF. G,JUEVES/12-14/AUDITORIO DEL EDIF. B,"MARTES/10-12/LAB. DE FISICA MODERNA, EDIF. G",,JULIAN FELIX VALDEZ,JULIAN FELIX VALDEZ,,,LUNES,12-14,JUEVES,12-14,MARTES,10-12,,
68,69,FISICA CUANTICA,A-III,LUNES/12-14/AUDITORIO DEL EDIF. G,JUEVES/12-14/AUDITORIO DEL EDIF. B,"JUEVES/8-10/LAB. DE FISICA MODERNA, EDIF. G",,JULIAN FELIX VALDEZ,JULIAN FELIX VALDEZ,,,LUNES,12-14,JUEVES,12-14,JUEVES,8-10,,
69,70,FISICA CUANTICA,B-IV,LUNES/8-10/F9,JUEVES/12-14/F9,"MARTES/12-14/LAB. DE FISICA MODERNA, EDIF. G",,JOSE LUIS LUCIO MARTINEZ/JOSUE ADIN MINGUELA GALLARDO,JOSE LUIS LUCIO MARTINEZ,JOSUE ADIN MINGUELA GALLARDO,,LUNES,8-10,JUEVES,12-14,MARTES,12-14,,
70,71,FISICA GENERAL,A-I,MARTES/8-10/ F8,JUEVES/8-10/F8,"LUNES/8-10/LAB. DE FISICA CLASICA, EDIF. C",,JOSE DE JESUS BERNAL ALVARADO / JOSE MIGUEL RAMOS MORENO,JOSE DE JESUS BERNAL ALVARADO,JOSE MIGUEL RAMOS MORENO,,MARTES,8-10,JUEVES,8-10,LUNES,8-10,,
71,72,FISICA GENERAL,A-II,MARTES/8-10/ F8,JUEVES/8-10/F8,"LUNES/10-12/LAB. DE FISICA CLASICA, EDIF. C",,JOSE DE JESUS BERNAL ALVARADO / JOSE SOCORRO GARCIA DIAZ,JOSE DE JESUS BERNAL ALVARADO,JOSE SOCORRO GARCIA DIAZ,,MARTES,8-10,JUEVES,8-10,LUNES,10-12,,
72,73,FISICA GENERAL,A-III,MARTES/8-10/ F8,JUEVES/8-10/F8,"LUNES/12-14/LAB. DE FISICA CLASICA, EDIF. C",,JOSE DE JESUS BERNAL ALVARADO / JOSE MIGUEL RAMOS MORENO,JOSE DE JESUS BERNAL ALVARADO,JOSE MIGUEL RAMOS MORENO,,MARTES,8-10,JUEVES,8-10,LUNES,12-14,,
73,74,FISICA GENERAL,B-I,MIERCOLES/12-14/G1,VIERNES/12-14/AUDITORIO DEL EDIF. G,"LUNES/8-10/LAB. DE FISICA CLASICA, EDIF. C",,ARGELIA BERNAL BAUTISTA /JOSE MIGUEL RAMOS MORENO,ARGELIA BERNAL BAUTISTA,JOSE MIGUEL RAMOS MORENO,,MIERCOLES,12-14,VIERNES,12-14,LUNES,8-10,,
74,75,FISICA GENERAL,B-II,MIERCOLES/12-14/G1,VIERNES/12-14/AUDITORIO DEL EDIF. G,"LUNES/10-12/LAB. DE FISICA CLASICA, EDIF. C",,ARGELIA BERNAL BAUTISTA / JOSE SOCORRO GARCIA DIAZ,ARGELIA BERNAL BAUTISTA,JOSE SOCORRO GARCIA DIAZ,,MIERCOLES,12-14,VIERNES,12-14,LUNES,10-12,,
75,76,FISICA GENERAL,B-IV,MIERCOLES/12-14/G1,VIERNES/12-14/AUDITORIO DEL EDIF. G,"LUNES/15-17/LAB. DE FISICA CLASICA, EDIF. C",,ARGELIA BERNAL BAUTISTA / DULCE ARACELI GUZMAN ROCHA,ARGELIA BERNAL BAUTISTA,DULCE ARACELI GUZMAN ROCHA,,MIERCOLES,12-14,VIERNES,12-14,LUNES,15-17,,
76,77,FISICA GENERAL,B-VII,MIERCOLES/12-14/G1,VIERNES/12-14/AUDITORIO DEL EDIF. G,"MIERCOLES/15-17/LAB. DE FISICA CLASICA, EDIF. C",,ARGELIA BERNAL BAUTISTA / JAIVER CHICANGANA CIFUENTES,ARGELIA BERNAL BAUTISTA,JAIVER CHICANGANA CIFUENTES,,MIERCOLES,12-14,VIERNES,12-14,MIERCOLES,15-17,,
77,78,FISICA GENERAL,B-VIII,MIERCOLES/12-14/G1,VIERNES/12-14/AUDITORIO DEL EDIF. G,"MARTES/12-14/LAB. DE FISICA CLASICA, EDIF. C",,ARGELIA BERNAL BAUTISTA / MODESTO ANTONIO SOSA AQUINO,ARGELIA BERNAL BAUTISTA,MODESTO ANTONIO SOSA AQUINO,,MIERCOLES,12-14,VIERNES,12-14,MARTES,12-14,,
78,79,FISICA GENERAL,C-I,LUNES/12-14/F5,MIERCOLES/12-14/F5,"LUNES/8-10/LAB. DE FISICA CLASICA, EDIF. C",,FRANCISCO ALARCON OSEGUERA / JOSE MIGUEL RAMOS MORENO,FRANCISCO ALARCON OSEGUERA,JOSE MIGUEL RAMOS MORENO,,LUNES,12-14,MIERCOLES,12-14,LUNES,8-10,,
79,80,FISICA GENERAL,C-II,LUNES/12-14/F5,MIERCOLES/12-14/F5,"LUNES/10-12/LAB. DE FISICA CLASICA, EDIF. C",,FRANCISCO ALARCON OSEGUERA /JOSE SOCORRO GARCIA DIAZ,FRANCISCO ALARCON OSEGUERA,JOSE SOCORRO GARCIA DIAZ,,LUNES,12-14,MIERCOLES,12-14,LUNES,10-12,,
80,81,FISICA GENERAL,C-VII,LUNES/12-14/F5,MIERCOLES/12-14/F5,"MIERCOLES/15-17/LAB. DE FISICA CLASICA, EDIF. C",,FRANCISCO ALARCON OSEGUERA / JAIVER CHICANGANA CIFUENTES,FRANCISCO ALARCON OSEGUERA,JAIVER CHICANGANA CIFUENTES,,LUNES,12-14,MIERCOLES,12-14,MIERCOLES,15-17,,
81,82,FISICA GENERAL,C-VIII,LUNES/12-14/F5,MIERCOLES/12-14/F5,"MARTES/12-14/LAB. DE FISICA CLASICA, EDIF. C",,FRANCISCO ALARCON OSEGUERA /MODESTO ANTONIO SOSA AQUINO,FRANCISCO ALARCON OSEGUERA,MODESTO ANTONIO SOSA AQUINO,,LUNES,12-14,MIERCOLES,12-14,MARTES,12-14,,
82,83,FISICA GENERAL,D-III,LUNES/10-12/F1,MIERCOLES/10-12/F1,"LUNES/12-14/LAB.DE FISICA CLASICA, EDIF. C",,GEMMA ELIZABETH PEREZ CUELLAR / JOSE MIGUEL RAMOS MORENO,GEMMA ELIZABETH PEREZ CUELLAR,JOSE MIGUEL RAMOS MORENO,,LUNES,10-12,MIERCOLES,10-12,LUNES,12-14,,
83,84,FISICA GENERAL,D-V,LUNES/10-12/F1,MIERCOLES/10-12/F1,"MARTES/8-10/LAB. DE FISICA CLASICA, EDIF. C",,GEMMA ELIZABETH PEREZ CUELLAR / MIGUEL ANGEL HONORATO COLIN,GEMMA ELIZABETH PEREZ CUELLAR,MIGUEL ANGEL HONORATO COLIN,,LUNES,10-12,MIERCOLES,10-12,MARTES,8-10,,
84,85,FISICA GENERAL,E-III,MIERCOLES/15-17/F5,VIERNES/15-17/F5,"LUNES/12-14/LAB. DE FISICA CLASICA, EDIF. C",,WILFREDO YUPANQUI CARPIO / JOSE MIGUEL RAMOS MORENO,WILFREDO YUPANQUI CARPIO,JOSE MIGUEL RAMOS MORENO,,MIERCOLES,15-17,VIERNES,15-17,LUNES,12-14,,
85,86,FISICA GENERAL,E-VI,MIERCOLES/15-17/F5,VIERNES/15-17/F5,"MIERCOLES/12-14/LAB. DE FISICA CLASICA, EDIF. C",,WILFREDO YUPANQUI CARPIO / JAIVER CHICANGANA CIFUENTES,WILFREDO YUPANQUI CARPIO,JAIVER CHICANGANA CIFUENTES,,MIERCOLES,15-17,VIERNES,15-17,MIERCOLES,12-14,,
86,87,FISICA GENERAL,E-VIII,MIERCOLES/15-17/F5,VIERNES/15-17/F5,"MARTES/12-14/LAB. DE FISICA CLASICA, EDIF. C",,WILFREDO YUPANQUI CARPIO / MODESTO ANTONIO SOSA AQUINO,WILFREDO YUPANQUI CARPIO,MODESTO ANTONIO SOSA AQUINO,,MIERCOLES,15-17,VIERNES,15-17,MARTES,12-14,,
87,88,FISICA GENERAL,F-IV,MARTES/17-19/F5,JUEVES/17-19/F5,"LUNES/15-17/LAB. DE FISICA CLASICA, EDIF. C",,PABLO REYES HERNANDEZ / DULCE ARACELI GUZMAN ROCHA,PABLO REYES HERNANDEZ,DULCE ARACELI GUZMAN ROCHA,,MARTES,17-19,JUEVES,17-19,LUNES,15-17,,
88,89,FISICA GENERAL,F-VI,MARTES/17-19/F5,JUEVES/17-19/F5,"MIERCOLES/12-14/LAB. DE FISICA CLASICA, EDIF. C",,PABLO REYES HERNANDEZ/JAIVER CHICANGANA CIFUENTES,PABLO REYES HERNANDEZ,JAIVER CHICANGANA CIFUENTES,,MARTES,17-19,JUEVES,17-19,MIERCOLES,12-14,,
89,90,FISICA GENERAL,F-VII,MARTES/17-19/F5,JUEVES/17-19/F5,"MIERCOLES/15-17/LAB. DE FISICA CLASICA, EDIF. C",,PABLO REYES HERNANDEZ/JAIVER CHICANGANA CIFUENTES,PABLO REYES HERNANDEZ,JAIVER CHICANGANA CIFUENTES,,MARTES,17-19,JUEVES,17-19,MIERCOLES,15-17,,
90,91,FISICA GENERAL,F-VIII,MARTES/17-19/F5,JUEVES/17-19/F5,"MARTES/12-14/LAB. DE FISICA CLASICA, EDIF. C",,PABLO REYES HERNANDEZ/MODESTO ANTONIO SOSA AQUINO,PABLO REYES HERNANDEZ,MODESTO ANTONIO SOSA AQUINO,,MARTES,17-19,JUEVES,17-19,MARTES,12-14,,
91,92,FISICA GENERAL,G-III,MARTES/12-14/F6,MIERCOLES/12-14/F6,"LUNES/12-14/LAB. DE FISICA CLASICA, EDIF. C",,ETNA DAFNE YANEZ ROLDAN / JOSE MIGUEL RAMOS MORENO,ETNA DAFNE YANEZ ROLDAN,JOSE MIGUEL RAMOS MORENO,,MARTES,12-14,MIERCOLES,12-14,LUNES,12-14,,
92,93,FISICA GENERAL,G-IV,MARTES/12-14/F6,MIERCOLES/12-14/F6,"LUNES/15-17/LAB. DE FISICA CLASICA, EDIF. C",,ETNA DAFNE YANEZ ROLDAN / DULCE ARACELI GUZMAN ROCHA,ETNA DAFNE YANEZ ROLDAN,DULCE ARACELI GUZMAN ROCHA,,MARTES,12-14,MIERCOLES,12-14,LUNES,15-17,,
93,94,FISICA GENERAL,G-V,MARTES/12-14/F6,MIERCOLES/12-14/F6,"MARTES/8-10/LAB. DE FISICA CLASICA, EDIF. C",,ETNA DAFNE YANEZ ROLDAN / MIGUEL ANGEL HONORATO COLIN,ETNA DAFNE YANEZ ROLDAN,MIGUEL ANGEL HONORATO COLIN,,MARTES,12-14,MIERCOLES,12-14,MARTES,8-10,,
94,95,FISICA GENERAL,G-VII,MARTES/12-14/F6,MIERCOLES/12-14/F6,"MIERCOLES/15-17/LAB. DE FISICA CLASICA, EDIF. C",,ETNA DAFNE YANEZ ROLDAN / JAIME MARTINEZ RIVERA,ETNA DAFNE YANEZ ROLDAN,JAIME MARTINEZ RIVERA,,MARTES,12-14,MIERCOLES,12-14,MIERCOLES,15-17,,
95,96,FISICA RELATIVISTA,A,JUEVES/8-10/C3,VIERNES/8-10/C3,,,OSCAR GERARDO LOAIZA BRITO,OSCAR GERARDO LOAIZA BRITO,,,JUEVES,8-10,VIERNES,8-10,,,,
96,97,FISICOQUIMICA DE POLIMEROS,A,LUNES/15-17/F1,JUEVES/15-17/F9,,,BIRZABITH MENDOZA NOVELO,BIRZABITH MENDOZA NOVELO,,,LUNES,15-17,JUEVES,15-17,,,,
97,98,"FLUIDOS, ONDAS Y TEMPERATURA",A-I,LUNES/10-12/G1,MIERCOLES/8-10/G1,"LUNES/8-10/LAB. DE TERMODINAMICA, EDIF. G",,JOSE DE JESUS BERNAL ALVARADO / NATALIA RINCON LONDONO,JOSE DE JESUS BERNAL ALVARADO,NATALIA RINCON LONDONO,,LUNES,10-12,MIERCOLES,8-10,LUNES,8-10,,
98,99,"FLUIDOS, ONDAS Y TEMPERATURA",A-III,LUNES/10-12/G1,MIERCOLES/8-10/G1,"JUEVES/8-10/LAB. DE TERMODINAMICA, EDIF. G",,JOSE DE JESUS BERNAL ALVARADO / MIGUEL ANGEL HONORATO COLIN,JOSE DE JESUS BERNAL ALVARADO,MIGUEL ANGEL HONORATO COLIN,,LUNES,10-12,MIERCOLES,8-10,JUEVES,8-10,,
99,100,"FLUIDOS, ONDAS Y TEMPERATURA",B-IV,LUNES/8-10/G1,JUEVES/12-14/G1,"MIERCOLES/8-10/LAB. DE TERMODINAMICA, EDIF. G",,LENIN FRANCISCO ESCAMILLA HERRERA,LENIN FRANCISCO ESCAMILLA HERRERA,,,LUNES,8-10,JUEVES,12-14,MIERCOLES,8-10,,
100,101,"FLUIDOS, ONDAS Y TEMPERATURA",B-V,LUNES/8-10/G1,JUEVES/12-14/G1,LUNES/10-12/LAB. DE TERMODINAMICAEDIF. G,,LENIN FRANCISCO ESCAMILLA HERRERA / NATALIA RINCON LONDONO,LENIN FRANCISCO ESCAMILLA HERRERA,NATALIA RINCON LONDONO,,LUNES,8-10,JUEVES,12-14,LUNES,10-12,,
101,102,"FLUIDOS, ONDAS Y TEMPERATURA",B-VI,LUNES/8-10/G1,JUEVES/12-14/G1,"VIERNES/12-14/LAB. DE TERMODINAMICA, EDIF. G",,LENIN FRANCISCO ESCAMILLA HERRERA / MIGUEL ANGEL HONORATO COLIN,LENIN FRANCISCO ESCAMILLA HERRERA,MIGUEL ANGEL HONORATO COLIN,,LUNES,8-10,JUEVES,12-14,VIERNES,12-14,,
102,103,"FLUIDOS, ONDAS Y TEMPERATURA",C-IV,MARTES/12-14/F8,MIERCOLES/10-12/F5,"MIERCOLES/8-10/LAB. DE TERMODINAMICA, EDIF. G",,ANA LAURA BENAVIDES OBREGON / LENIN FRANCISCO ESCAMILLA HERRERA,ANA LAURA BENAVIDES OBREGON,LENIN FRANCISCO ESCAMILLA HERRERA,,MARTES,12-14,MIERCOLES,10-12,MIERCOLES,8-10,,
103,104,"FLUIDOS, ONDAS Y TEMPERATURA",C-IX,MARTES/12-14/F8,MIERCOLES/10-12/F5,"MARTES/10-12/LAB. DE TERMODINAMICA, EDIF. G",,ANA LAURA BENAVIDES OBREGON /JOSUE ADIN MINGUELA GALLARDO,ANA LAURA BENAVIDES OBREGON,JOSUE ADIN MINGUELA GALLARDO,,MARTES,12-14,MIERCOLES,10-12,MARTES,10-12,,
104,105,"FLUIDOS, ONDAS Y TEMPERATURA",C-VII,MARTES/12-14/F8,MIERCOLES/10-12/F5,"JUEVES/12-14/LAB. DE TERMODINAMICA, EDIF. G",,ANA LAURA BENAVIDES OBREGON /MIGUEL ANGEL HONORATO COLIN,ANA LAURA BENAVIDES OBREGON,MIGUEL ANGEL HONORATO COLIN,,MARTES,12-14,MIERCOLES,10-12,JUEVES,12-14,,
105,106,"FLUIDOS, ONDAS Y TEMPERATURA",D-II,LUNES/10-12/F6,MIERCOLES/12-14/F8,"MARTES/8-10/LAB. DE TERMODINAMICA, EDIF. G",,ANA LAURA BENAVIDES OBREGON / NATALIA RINCON LONDONO,ANA LAURA BENAVIDES OBREGON,NATALIA RINCON LONDONO,,LUNES,10-12,MIERCOLES,12-14,MARTES,8-10,,
106,107,"FLUIDOS, ONDAS Y TEMPERATURA",D-VIII,LUNES/10-12/F6,MIERCOLES/12-14/F8,"LUNES/12-14/LAB. DE TERMODINAMICA, EDIF. G",,ANA LAURA BENAVIDES OBREGON /MIGUEL ANGEL HONORATO COLIN,ANA LAURA BENAVIDES OBREGON,MIGUEL ANGEL HONORATO COLIN,,LUNES,10-12,MIERCOLES,12-14,LUNES,12-14,,
107,108,FUNCIONES ESPECIALES,A,MARTES/10-12/C2,VIERNES/10-12/C2,,,DAVID YVES GHISLAIN DELEPINE,DAVID YVES GHISLAIN DELEPINE,,,MARTES,10-12,VIERNES,10-12,,,,
108,109,FUNDAMENTOS FILOSOFICO EPISTEMOLOGICOS,A,VIERNES/12-15/F2,,,,MA. DEL CARMEN VARELA CHAVEZ,MA. DEL CARMEN VARELA CHAVEZ,,,VIERNES,12-15,,,,,,
109,110,FUNDAMIENTOS DE PROCESAMIENTO DIGITAL DE IMAGENES,A,MARTES/10-12/CENTRO DE COMPUTO 2,JUEVES/10-12/CENTRO DE COMPUTO 2,,,ARTURO GONZALEZ VEGA,ARTURO GONZALEZ VEGA,,,MARTES,10-12,JUEVES,10-12,,,,
110,111,FUNDAMIENTOS DE PROCESAMIENTO DIGITAL DE SENALES,A,LUNES/8-10/CENTRO DE COMPUTO 2,MIERCOLES/8-10/CENTRO DE COMPUTO2,,,ARTURO GONZALEZ VEGA,ARTURO GONZALEZ VEGA,,,LUNES,8-10,MIERCOLES,8-10,,,,
111,112,HERRAMIENTAS INFORMATICAS Y GESTION DE LA INFORMACION,A,VIERNES/15-18/CENTRO DE COMPUTO 2,,,,ALMA XOCHITL GONZALEZ MORALES,ALMA XOCHITL GONZALEZ MORALES,,,VIERNES,15-18,,,,,,
112,113,INGENIERIA AMBIENTAL DE AGUA Y SUELOS,A,MARTES/16-18/SALA DE JUNTAS DEL EDIF. B,"MIERCOLES/16-18/LAB. DE INGENIERIA QUIMICA, EDIF. G",,,EDGAR VAZQUEZ NUNEZ,EDGAR VAZQUEZ NUNEZ,,,MARTES,16-18,MIERCOLES,16-18,,,,
113,114,"INGENIERIA AMBIENTAL DE NORMAS, GESTION Y AUDITORIAS",A,MARTES/15-16/ SALA DE JUNTAS EDIF. B,JUEVES/15-16/SALA DE JUNTAS EDIF. B,VIERNES/15-17/C3,,EDGAR VAZQUEZ NUNEZ,EDGAR VAZQUEZ NUNEZ,,,MARTES,15-16,JUEVES,15-16,VIERNES,15-17,,
114,115,INGENIERIA DE CALOR,A,MARTES/15-17/F6,JUEVES/15-17/F6,,,JOSE DE JESUS IBARRA SANCHEZ,JOSE DE JESUS IBARRA SANCHEZ,,,MARTES,15-17,JUEVES,15-17,,,,
115,116,INGENIERIA DE CONTROL,A,"LUNES/12-16/LAB. DE ELECTRONICA, EDIF G","JUEVES/12-14/LAB. DE ELECTRONICA, EDIF. D",,,SAMUEL ALEJANDRO JUAREZ SANCHEZ/CARLOS VILLASENOR MORA,SAMUEL ALEJANDRO JUAREZ SANCHEZ,CARLOS VILLASENOR MORA,,LUNES,12-16,JUEVES,12-14,,,,
116,117,INGENIERIA DE CONTROL DE PROCESOS,A,LUNES/15-17/CENTRO DE COMPUTO 2,MIERCOLES/15-17/CENTRO DE COMPUTO 2,,,JOSE DE JESUS IBARRA SANCHEZ,JOSE DE JESUS IBARRA SANCHEZ,,,LUNES,15-17,MIERCOLES,15-17,,,,
117,118,INGENIERIA DE FLUIDOS,A,LUNES/17-19/F7,MIERCOLES/17-19/F7,,,JOSE FERNANDO HERNANDEZ RODRIGUEZ,JOSE FERNANDO HERNANDEZ RODRIGUEZ,,,LUNES,17-19,MIERCOLES,17-19,,,,
118,119,INGENIERIA DE PROYECTOS,A,MARTES/8-10/ CENTRO DE COMPUTO 2,JUEVES/12-15/C3,,,CHRISTIAN FELIPE RODRIGUEZ ROBLES,CHRISTIAN FELIPE RODRIGUEZ ROBLES,,,MARTES,8-10,JUEVES,12-15,,,,
119,120,INGENIERIA DE REACTORES HETEROGENEOS,A,"MIERCOLES/8-10/ LAB. DE IQ., EDIF. G","VIERNES/8-10/ LAB. DE IQ., EDIF. G",,,MARIO ROSALES RETANA,MARIO ROSALES RETANA,,,MIERCOLES,8-10,VIERNES,8-10,,,,
120,121,INGENIERIA DE REACTORES HOMOGENEOS,A,MARTES/15-17/F8,JUEVES/15-17/F8,,,IRAIS AMARANTA QUINTERO ORTEGA,IRAIS AMARANTA QUINTERO ORTEGA,,,MARTES,15-17,JUEVES,15-17,,,,
121,122,INGENIERIA ECONOMICA,A,VIERNES/12-15/F1,,,,JUAN FRANCISCO RAYAS ROJAS,JUAN FRANCISCO RAYAS ROJAS,,,VIERNES,12-15,,,,,,
122,123,INGLES I,A,MARTES/13-16/F9,,,,MARIA XOCHITL ZUNIGA CARDENAS,MARIA XOCHITL ZUNIGA CARDENAS,,,MARTES,13-16,,,,,,
123,124,INGLES I,B,VIERNES/12-15/C2,,,,DENIA NAVARRO VILLAFANA,DENIA NAVARRO VILLAFANA,,,VIERNES,12-15,,,,,,
124,125,INGLES II,A,JUEVES/13-16/F7,,,,MARIA XOCHITL ZUNIGA CARDENAS,MARIA XOCHITL ZUNIGA CARDENAS,,,JUEVES,13-16,,,,,,
125,126,INGLES III,A,LUNES/14-15:30/C3,MIERCOLES/14-15:30/C3,,,DENIA NAVARRO VILLAFANA,DENIA NAVARRO VILLAFANA,,,LUNES,14-15:30,MIERCOLES,14-15:30,,,,
126,127,INSTRUMENTACION MEDICA,A,"LUNES/16-19/LAB. DE ELECTRONICA, EDIF.G","MIERCOLES/16-18/LAB. DE ELECTRONICA, EDIF G",,,MARYSOL PEREZ GARCIA,MARYSOL PEREZ GARCIA,,,LUNES,16-19,MIERCOLES,16-18,,,,
127,128,INTRODUCCION A LA METODOLOGIA DE LA INVESTIGACION,A,MARTES/15-18/F7,,,,FERNANDO AGUAS ANGEL,FERNANDO AGUAS ANGEL,,,MARTES,15-18,,,,,,
128,129,INTRODUCCION A LA TEORIA DE CUERDAS,A,LUNES/8-10/SALA DEJUNTAS EDIFICIO B,MIERCOLES//SALA DE JUNTAS EDIFICIO B,,,OSCAR GERARDO LOAIZA BRITO,OSCAR GERARDO LOAIZA BRITO,,,LUNES,8-10,MIERCOLES,,,,,
129,130,INVESTIGACION DE OPERACIONES,A,MARTES/10-12/AUDITORIO DEL EDIF. B,VIERNES/10-12/F5,,,LUIS ERNESTO MANCILLA ESPINOZA,LUIS ERNESTO MANCILLA ESPINOZA,,,MARTES,10-12,VIERNES,10-12,,,,
130,131,LABORATORIO DE ASTRONOMIA,A,LUNES/16-20/AUDITORIO DEL EDIF. B,,,,JUAN PABLO TORRES PAPAPQUI/KLAUS-PETER SCHRODER,JUAN PABLO TORRES PAPAPQUI,KLAUS-PETER SCHRODER,,LUNES,16-20,,,,,,
131,132,LABORATORIO DE FENOMENOS DE TRANSPORTE,A,"JUEVES/8-12/LAB. DE INGENIERIA QUIMICA, EDIF G",,,,EDGAR VAZQUEZ NUNEZ,EDGAR VAZQUEZ NUNEZ,,,JUEVES,8-12,,,,,,
132,133,LABORATORIO DE PROCESOS DE SEPARACION,A,MARTES/10-14/LAB. DE IQ. EDIF. G,,,,SARAHI GARCIA CARVAJAL,SARAHI GARCIA CARVAJAL,,,MARTES,10-14,,,,,,
133,134,LABORATORIO DE REACTORES,A,"MIERCOLES/10-14/LAB. DE IQ, EDIF. G",,,,IRAIS AMARANTA QUINTERO ORTEGA,IRAIS AMARANTA QUINTERO ORTEGA,,,MIERCOLES,10-14,,,,,,
134,135,LABORATORIO DE SIMULACION DE PROCESOS,A,MARTES/17-19/CENTRO DE COMPUTO 2,JUEVES/17-18/CENTRO DE COMPUTO 2,,,JOSE DE JESUS IBARRA SANCHEZ,JOSE DE JESUS IBARRA SANCHEZ,,,MARTES,17-19,JUEVES,17-18,,,,
135,136,MATEMATICAS SUPERIORES,A,LUNES/8-10/F1,MIERCOLES/8-10/F1,VIERNES/8-10/F1,,JOSE SOCORRO GARCIA DIAZ,JOSE SOCORRO GARCIA DIAZ,,,LUNES,8-10,MIERCOLES,8-10,VIERNES,8-10,,
136,137,MATEMATICAS SUPERIORES,B,MARTES/10-12/F2,JUEVES/10-12/F2,VIERNES/10-12/F2,,OSCAR MIGUEL SABIDO MORENO,OSCAR MIGUEL SABIDO MORENO,,,MARTES,10-12,JUEVES,10-12,VIERNES,10-12,,
137,138,MATEMATICAS SUPERIORES,C,LUNES/12-14/C2,MIERCOLES/12-14/C2,JUEVES/12-14/C2,,MA. ISABEL DELGADILLO CANO,MA. ISABEL DELGADILLO CANO,,,LUNES,12-14,MIERCOLES,12-14,JUEVES,12-14,,
138,139,MATEMATICAS SUPERIORES,D,LUNES/10-12/F5,MARTES/10-12/F5,JUEVES/10-12/F5,,MA. ISABEL DELGADILLO CANO,MA. ISABEL DELGADILLO CANO,,,LUNES,10-12,MARTES,10-12,JUEVES,10-12,,
139,140,MATEMATICAS SUPERIORES,E,LUNES/15-17/F5,MARTES/15-17/F5,JUEVES/15-17/F5,,ARMANDO ANDRES ROQUE ESTRADA,ARMANDO ANDRES ROQUE ESTRADA,,,LUNES,15-17,MARTES,15-17,JUEVES,15-17,,
140,141,MATEMATICAS SUPERIORES,F,MARTES/15-17/F1,MIERCOLES/15-17/F1,JUEVES/15-17/F1,,OWEN PAVEL FERNANDEZ PIEDRA,OWEN PAVEL FERNANDEZ PIEDRA,,,MARTES,15-17,MIERCOLES,15-17,JUEVES,15-17,,
141,142,MATEMATICAS SUPERIORES,G,LUNES/17-19/F2,MIERCOLES/17-19/F2,JUEVES/17-19/F2,,SAGRARIO SANTILLAN FLORES,SAGRARIO SANTILLAN FLORES,,,LUNES,17-19,MIERCOLES,17-19,JUEVES,17-19,,
142,143,MECANICA ANALITICA,A,MARTES/8-10/G1,JUEVES/8-10/G1,,,NANA GERALDINE CABO BIZET,NANA GERALDINE CABO BIZET,,,MARTES,8-10,JUEVES,8-10,,,,
143,144,MECANICA ANALITICA,B,MARTES/10-12/AUDITORIO DEL EDIF. G,VIERNES/10-12/AUDITORIO DEL EDIF. G,,,MARCO ANTONIO REYES SANTOS,MARCO ANTONIO REYES SANTOS,,,MARTES,10-12,VIERNES,10-12,,,,
144,145,MECANICA CLASICA,A-I,LUNES/12-14/F1,MIERCOLES/12-14/F1,"VIERNES/12-14/LAB. DE FISICA CLASICA, EDIF. C",,ALBERTO DIEZ TEJEDOR / ARON HERNANDEZ TRINIDAD,ALBERTO DIEZ TEJEDOR,ARON HERNANDEZ TRINIDAD,,LUNES,12-14,MIERCOLES,12-14,VIERNES,12-14,,
145,146,MECANICA CLASICA,A-II,LUNES/12-14/F1,MIERCOLES/12-14/F1,"VIERNES/10-12/LAB. DE FISICA CLASICA, EDIF. C",,ALBERTO DIEZ TEJEDOR / JOSE SOCORRO GARCIA DIAZ,ALBERTO DIEZ TEJEDOR,JOSE SOCORRO GARCIA DIAZ,,LUNES,12-14,MIERCOLES,12-14,VIERNES,10-12,,
146,147,MECANICA CLASICA,B-I,MARTES/10-12/F1,JUEVES/10-12/F1,"VIERNES/12-14/LAB. DE FISICA CLASICA, EDIF. C",,JOSE SOCORRO GARCIA DIAZ /ARON HERNANDEZ TRINIDAD,JOSE SOCORRO GARCIA DIAZ,ARON HERNANDEZ TRINIDAD,,MARTES,10-12,JUEVES,10-12,VIERNES,12-14,,
147,148,MECANICA CLASICA,B-II,MARTES/10-12/F1,JUEVES/10-12/F1,"VIERNES/10-12/LAB. DE FISICA CLASICA, EDIF. C",,JOSE SOCORRO GARCIA DIAZ,JOSE SOCORRO GARCIA DIAZ,,,MARTES,10-12,JUEVES,10-12,VIERNES,10-12,,
148,149,MECANICA CUANTICA,A,LUNES/10-12/AUDITORIO DEL EDIF. G,JUEVES/10-12/AUDITORIO DEL EDIF. G,,,DAVID YVES GHISLAIN DELEPINE,DAVID YVES GHISLAIN DELEPINE,,,LUNES,10-12,JUEVES,10-12,,,,
149,150,MECANICA DE MEDIOS CONTINUOS,A-I,LUNES/8-10/C3,MIERCOLES/8-10/C3,LUNES/10-12/LAB. DE QUIMICA EDIF. G,,JOSE JORGE DELGADO GARCIA,JOSE JORGE DELGADO GARCIA,,,LUNES,8-10,MIERCOLES,8-10,LUNES,10-12,,
150,151,MECANICA ESTADISTICA,A,LUNES/8-10/F7,MIERCOLES/8-10/F2,,,ALEJANDRO GIL-VILLEGAS MONTIEL,ALEJANDRO GIL-VILLEGAS MONTIEL,,,LUNES,8-10,MIERCOLES,8-10,,,,
151,152,MEDICION E INSTRUMENTACION,A,"MARTES/8-10/LAB. DE ELECTRONICA, EDIF. D","JUEVES/8-12/LAB. DE ELECTRONICA, EDIF. D",,,EDGAR VALENCIA RODRIGUEZ,EDGAR VALENCIA RODRIGUEZ,,,MARTES,8-10,JUEVES,8-12,,,,
152,153,MEDICION E INSTRUMENTACION,B,"MIERCOLES/12-16/LAB. DE ELECTRONICA, EDIF. D","VIERNES/8-10/LAB. DE ELECTRONICA, EDIF.D",,,SAMUEL ALEJANDRO JUAREZ SANCHEZ,SAMUEL ALEJANDRO JUAREZ SANCHEZ,,,MIERCOLES,12-16,VIERNES,8-10,,,,
153,154,MEDICION E INSTRUMENTACION,C,"MARTES/10-12/LAB. DE ELECTRONICA, EDIF. D","VIERNES/12-16/LAB. DE ELECTRONICA, EDIF. D",,,MIGUEL ANGEL NOGUERON PEREZ,MIGUEL ANGEL NOGUERON PEREZ,,,MARTES,10-12,VIERNES,12-16,,,,
154,155,MEDICION E INSTRUMENTACION,D,"LUNES/8-10/LAB. DE ELECTRONICA, EDIF. D","MARTES/12-16/LAB. DE ELECTRONICA, EDIF. D",,,CARLOS VILLASENOR MORA,CARLOS VILLASENOR MORA,,,LUNES,8-10,MARTES,12-16,,,,
155,156,METODOS NUMERICOS,A,LUNES/8-10/CENTRO DE COMPUTO 1,MIERCOLES/8-10/CENTRO DE COMPUTO 1,JUEVES/12-14/CENTRO DE COMPUTO 1,,HAYDEE HERNANDEZ ARELLANO,HAYDEE HERNANDEZ ARELLANO,,,LUNES,8-10,MIERCOLES,8-10,JUEVES,12-14,,
156,157,METODOS NUMERICOS,B,LUNES/10-12/CENTRO DE COMPUTO 2,MIERCOLES/10-12/CENTRO DE COMPUTO 2,VIERNES/10-12/CENTRO DE COMPUTO 2,,OWEN PAVEL FERNANDEZ PIEDRA,OWEN PAVEL FERNANDEZ PIEDRA,,,LUNES,10-12,MIERCOLES,10-12,VIERNES,10-12,,
157,158,METODOS NUMERICOS,C,LUNES/12-14/CENTRO DE COMPUTO 2,MIERCOLES/12-14/CENTRO DE COMPUTO 2,VIERNES/12-14/CENTRO DE COMPUTO 2,,JULIO CESAR ARMAS PEREZ,JULIO CESAR ARMAS PEREZ,,,LUNES,12-14,MIERCOLES,12-14,VIERNES,12-14,,
158,159,METODOS NUMERICOS,D,LUNES/15-17/CENTRO DE COMPUTO 1,MIERCOLES/15-17/CENTRO DE COMPUTO 1,VIERNES/15-17/CENTRO DE COMPUTO 1,,HAYDEE HERNANDEZ ARELLANO,HAYDEE HERNANDEZ ARELLANO,,,LUNES,15-17,MIERCOLES,15-17,VIERNES,15-17,,
159,160,METROLOGIA,A,LUNES/17-19/F8,MIERCOLES/17-19/F8,,,JORGE ALBERTO MOLINA GONZALEZ,JORGE ALBERTO MOLINA GONZALEZ,,,LUNES,17-19,MIERCOLES,17-19,,,,
160,161,NEUROFISIOLOGIA,A,LUNES/15-17/C2,MIERCOLES/15-17/C2,VIERNES/15-17/C2,,VICTOR HUGO HERNANDEZ GONZALEZ,VICTOR HUGO HERNANDEZ GONZALEZ,,,LUNES,15-17,MIERCOLES,15-17,VIERNES,15-17,,
161,162,NORMATIVIDAD EN INGENIERIA,A,LUNES/17-19/G1,MIERCOLES/17-19/G1,,,EDGAR GONZALEZ CAMPOS,EDGAR GONZALEZ CAMPOS,,,LUNES,17-19,MIERCOLES,17-19,,,,
162,163,OPTICA,A-I,LUNES/8-10/F8,MIERCOLES/8-10/F8,"MARTES/8-10/LAB. DE FISICA MODERNA, EDIF G.",,RIGOBERTO CASTRO BELTRAN,RIGOBERTO CASTRO BELTRAN,,,LUNES,8-10,MIERCOLES,8-10,MARTES,8-10,,
163,164,OPTICA,A-II,LUNES/8-10/F8,MIERCOLES/8-10/F8,"VIERNES/8-10/LAB. DE FISICA MODERNA, EDIF G.",,RIGOBERTO CASTRO BELTRAN,RIGOBERTO CASTRO BELTRAN,,,LUNES,8-10,MIERCOLES,8-10,VIERNES,8-10,,
164,165,OPTICA,B-III,JUEVES/8-10/F5,VIERNES/8-10/F8,"MIERCOLES/8-10/LAB. DE FISICA MODERNA, EDIF G.",,ERICK SARMIENTO GOMEZ,ERICK SARMIENTO GOMEZ,,,JUEVES,8-10,VIERNES,8-10,MIERCOLES,8-10,,
165,166,OPTICA,B-IV,JUEVES/8-10/F5,VIERNES/8-10/F8,"VIERNES/10-12/LAB. DE FISICA MODERNA, EDIF G.",,ERICK SARMIENTO GOMEZ,ERICK SARMIENTO GOMEZ,,,JUEVES,8-10,VIERNES,8-10,VIERNES,10-12,,
166,167,OPTIMIZACION Y SIMULACION DE PROCESOS,A,LUNES/17-19/CENTRO DE COMPUTO 2,MIERCOLES/17-19/CENTRO DE COMPUTO2,,,JOSE DE JESUS IBARRA SANCHEZ,JOSE DE JESUS IBARRA SANCHEZ,,,LUNES,17-19,MIERCOLES,17-19,,,,
167,168,PRINCIPIOS DE OPERACION DE EQUIPOS MEDICOS,A,LUNES/17-19/LAB. DE TECNOLOGIA E INNOVACION HOSPITALARIA,MIERCOLES/17-19/LAB. DE TECNOLOGIA E INNOVACION HOSPITALARIA,VIERNES/17-19/LAB. DE TECNOLOGIA E INNOVACION HOSPITALARIA,,JOSE GONZALEZ CRUZ,JOSE GONZALEZ CRUZ,,,LUNES,17-19,MIERCOLES,17-19,VIERNES,17-19,,
168,169,PROBABILIDAD Y ESTADISTICA,A,MARTES/10-12/F9,VIERNES/10-12/F9,,,KARLA ADRIANA ALAMO MARTINEZ,KARLA ADRIANA ALAMO MARTINEZ,,,MARTES,10-12,VIERNES,10-12,,,,
169,170,PROBABILIDAD Y ESTADISTICA,B,LUNES/8-10/F2,JUEVES/8-10/F2,,,MA. GUADALUPE LEON VERDIN,MA. GUADALUPE LEON VERDIN,,,LUNES,8-10,JUEVES,8-10,,,,
170,171,PROBLEMAS SOCIALES Y DEBATES CONTEMPORANEOS,A,MIERCOLES/16-19/AUDITORIO DEL EDIF. G,,,,FERNANDO AGUAS ANGEL,FERNANDO AGUAS ANGEL,,,MIERCOLES,16-19,,,,,,
171,172,PROCESOS DE SEPARACION,A,"LUNES/12-14/LAB. DE IQ., EDIF. G","VIERNES/10-12/LAB. DE IQ., EDIF. G",,,CHRISTIAN FELIPE RODRIGUEZ ROBLES,CHRISTIAN FELIPE RODRIGUEZ ROBLES,,,LUNES,12-14,VIERNES,10-12,,,,
172,173,PROGRAMACION BASICA,A,MARTES/8-10/CENTRO DE COMPUTO 1,JUEVES/8-10/CENTRO DE COMPUTO 1,,,ARTURO GONZALEZ VEGA,ARTURO GONZALEZ VEGA,,,MARTES,8-10,JUEVES,8-10,,,,
173,174,PROGRAMACION BASICA,B,MARTES/10-12/CENTRO DE COMPUTO 1,VIERNES/10-12/CENTRO DE COMPUTO 1,,,SAMUEL ALEJANDRO JUAREZ SANCHEZ,SAMUEL ALEJANDRO JUAREZ SANCHEZ,,,MARTES,10-12,VIERNES,10-12,,,,
174,175,PROGRAMACION BASICA,C,MARTES/15-17/CENTRO DE COMPUTO 1,JUEVES/15-17/CENTRO DE COMPUTO 1,,,ARTURO VEGA GONZALEZ,ARTURO VEGA GONZALEZ,,,MARTES,15-17,JUEVES,15-17,,,,
175,176,PROGRAMACION BASICA,D,LUNES/17-19/CENTRO DE COMPUTO 1,MIERCOLES/17-19/CENTRO DE COMPUTO 1,,,FRANCISCO XAVIER LINARES CEDENO,FRANCISCO XAVIER LINARES CEDENO,,,LUNES,17-19,MIERCOLES,17-19,,,,
176,177,PROGRAMACION BASICA,E,MARTES/12-14/CENTRO DE COMPUTO 1,VIERNES/13-15/CENTRO DE COMPUTO 1,,,MARYSOL PEREZ GARCIA,MARYSOL PEREZ GARCIA,,,MARTES,12-14,VIERNES,13-15,,,,
177,178,PROGRAMACION BASICA,F,MIERCOLES/10-12/CENTRO DE COMPUTO 1,VIERNES/8-10/CENTRO DE COMPUTO 1,,,IGNACIO RAUL ROSAS ROMAN,IGNACIO RAUL ROSAS ROMAN,,,MIERCOLES,10-12,VIERNES,8-10,,,,
178,179,PROGRAMACION BASICA,G,LUNES/10-12/CENTRO DE COMPUTO 1,JUEVES/10-12/CENTRO DE COMPUTO 1,,,ORLANDO MIGUEL MEDINA CAZARES,ORLANDO MIGUEL MEDINA CAZARES,,,LUNES,10-12,JUEVES,10-12,,,,
179,180,PROGRAMACION ORIENTADA A OBJETOS Y EVENTOS,A,MARTES/12-14/CENTRO DE COMPUTO 2,JUEVES/12-14/CENTRO DE COMPUTO 2,VIERNES/8-10/CENTRO DE COMPUTO 2,,LUIS CARLOS PADIERNA GARCIA,LUIS CARLOS PADIERNA GARCIA,,,MARTES,12-14,JUEVES,12-14,VIERNES,8-10,,
180,181,PROGRAMACION ORIENTADA A OBJETOS Y EVENTOS,B,LUNES/12-14/CENTRO DE COMPUTO 1,MIERCOLES/12-14/CENTRO DE COMPUTO 1,JUEVES/8-10/CENTRO DE COMPUTO 2,,LUIS ERNESTO MANCILLA ESPINOZA,LUIS ERNESTO MANCILLA ESPINOZA,,,LUNES,12-14,MIERCOLES,12-14,JUEVES,8-10,,
181,182,PROPIEDADES FISICOQUIMICAS,A-I,MIERCOLES/12-14/AUDITORIO DEL EDIF. B,JUEVES/12-14/F8,"VIERNES/8-10/LAB. DE QUIMICA, EDIF. F",,BIRZABITH MENDOZA NOVELO / ANGELICA JACQUELINE CHAVEZ MARTINEZ,BIRZABITH MENDOZA NOVELO,ANGELICA JACQUELINE CHAVEZ MARTINEZ,,MIERCOLES,12-14,JUEVES,12-14,VIERNES,8-10,,
182,183,PROPIEDADES FISICOQUIMICAS,A-II,MIERCOLES/12-14/AUDITORIO DEL EDIF. B,JUEVES/12-14/F8,"LUNES/10-12/LAB. DE QUIMICA, EDIF. F",,BIRZABITH MENDOZA NOVELO / ANGELICA JACQUELINE CHAVEZ MARTINEZ,BIRZABITH MENDOZA NOVELO,ANGELICA JACQUELINE CHAVEZ MARTINEZ,,MIERCOLES,12-14,JUEVES,12-14,LUNES,10-12,,
183,184,QUIMICA ANALITICA,A-I,LUNES/10-12/F7,VIERNES/13-14/F7,"JUEVES/12-15/LAB. DE QUIMICA, EDIF. F",,JOSE ANTONIO REYES AGUILERA,JOSE ANTONIO REYES AGUILERA,,,LUNES,10-12,VIERNES,13-14,JUEVES,12-15,,
184,185,QUIMICA ANALITICA,A-II,LUNES/10-12/F7,VIERNES/13-14/F7,"VIERNES/10-13/LAB. DE QUIMICA, EDIF. F",,JOSE ANTONIO REYES AGUILERA,JOSE ANTONIO REYES AGUILERA,,,LUNES,10-12,VIERNES,13-14,VIERNES,10-13,,
185,186,QUIMICA GENERAL,A-I,MIERCOLES/11-12/G1,VIERNES/8-10/G1,"MIERCOLES/8-11/LAB. DE QUIMICA, EDIF. G",,SUSANA FIGUEROA GERSTENMAIER / ANGELICA JACQUELINE CHAVEZ MARTINEZ,SUSANA FIGUEROA GERSTENMAIER,ANGELICA JACQUELINE CHAVEZ MARTINEZ,,MIERCOLES,11-12,VIERNES,8-10,MIERCOLES,8-11,,
186,187,QUIMICA GENERAL,A-IV,MIERCOLES/11-12/G1,VIERNES/8-10/G1,"VIERNES/12-15/LAB. DE QUIMICA, EDIF. G",,SUSANA FIGUEROA GERSTENMAIER / ESTHELA PAOLA GARCIA TEJEDA,SUSANA FIGUEROA GERSTENMAIER,ESTHELA PAOLA GARCIA TEJEDA,,MIERCOLES,11-12,VIERNES,8-10,VIERNES,12-15,,
187,188,QUIMICA GENERAL,A-X,MIERCOLES/11-12/G1,VIERNES/8-10/G1,"MIERCOLES/15-18/LAB. DE QUIMICA, EDIF. G",,SUSANA FIGUEROA GERSTENMAIER / JUAN ARTURO SORIA RAMIREZ,SUSANA FIGUEROA GERSTENMAIER,JUAN ARTURO SORIA RAMIREZ,,MIERCOLES,11-12,VIERNES,8-10,MIERCOLES,15-18,,
188,189,QUIMICA GENERAL,B-II,JUEVES/12-14/F6,VIERNES/13-14/F6,"JUEVES/8-11/LAB. DE QUIMICA, EDIF. G",,SUSANA FIGUEROA GERSTENMAIER,SUSANA FIGUEROA GERSTENMAIER,,,JUEVES,12-14,VIERNES,13-14,JUEVES,8-11,,
189,190,QUIMICA GENERAL,B-IX,JUEVES/12-14/F6,VIERNES/13-14/F6,"LUNES/12-15/LAB. DE QUIMICA, EDIF. G",,SUSANA FIGUEROA GERSTENMAIER / ESTHELA PAOLA GARCIA TEJEDA,SUSANA FIGUEROA GERSTENMAIER,ESTHELA PAOLA GARCIA TEJEDA,,JUEVES,12-14,VIERNES,13-14,LUNES,12-15,,
190,191,QUIMICA GENERAL,B-VI,JUEVES/12-14/F6,VIERNES/13-14/F6,"VIERNES/15-18/LAB. DE QUIMICA, EDIF. G",,SUSANA FIGUEROA GERSTENMAIER / JUAN ARTURO SORIA RAMIREZ,SUSANA FIGUEROA GERSTENMAIER,JUAN ARTURO SORIA RAMIREZ,,JUEVES,12-14,VIERNES,13-14,VIERNES,15-18,,
191,192,QUIMICA GENERAL,B-XI,JUEVES/12-14/F6,VIERNES/13-14/F6,"LUNES/15-18/LAB. DE QUIMICA, EDIF. G",,SUSANA FIGUEROA GERSTENMAIER / JUAN ARTURO SORIA RAMIREZ,SUSANA FIGUEROA GERSTENMAIER,JUAN ARTURO SORIA RAMIREZ,,JUEVES,12-14,VIERNES,13-14,LUNES,15-18,,
192,193,QUIMICA GENERAL,C-V,LUNES/9-10/F6,MIERCOLES/8-10/F6,"MIERCOLES/12-15/LAB. DE QUIMICA, EDIF. G",,CHRISTIAN GOMEZ SOLIS / MA. CONCEPCION GARCIA CASTANEDA,CHRISTIAN GOMEZ SOLIS,MA. CONCEPCION GARCIA CASTANEDA,,LUNES,9-10,MIERCOLES,8-10,MIERCOLES,12-15,,
193,194,QUIMICA GENERAL,C-VII,LUNES/9-10/F6,MIERCOLES/8-10/F6,"JUEVES/12-15/LAB. DE QUIMICA, EDIF. G",,CHRISTIAN GOMEZ SOLIS / PATRICIA MARIA OLMOS MOYA,CHRISTIAN GOMEZ SOLIS,PATRICIA MARIA OLMOS MOYA,,LUNES,9-10,MIERCOLES,8-10,JUEVES,12-15,,
194,195,QUIMICA GENERAL,C-VIII,LUNES/9-10/F6,MIERCOLES/8-10/F6,"VIERNES/8-11/LAB. DE QUIMICA, EDIF. G",,CHRISTIAN GOMEZ SOLIS / PATRICIA MARIA OLMOS MOYA,CHRISTIAN GOMEZ SOLIS,PATRICIA MARIA OLMOS MOYA,,LUNES,9-10,MIERCOLES,8-10,VIERNES,8-11,,
195,196,QUIMICA GENERAL,C-X,LUNES/9-10/F6,MIERCOLES/8-10/F6,"MIERCOLES/15-18/LAB. DE QUIMICA, EDIF. G",,CHRISTIAN GOMEZ SOLIS / JUAN ARTURO SORIA RAMIREZ,CHRISTIAN GOMEZ SOLIS,JUAN ARTURO SORIA RAMIREZ,,LUNES,9-10,MIERCOLES,8-10,MIERCOLES,15-18,,
196,197,QUIMICA GENERAL,D-V,LUNES/17-19/F1,MIERCOLES/17-18/F1,"MIERCOLES/12-15/LAB. DE QUIMICA, EDIF. G",,MA. CONCEPCION GARCIA CASTANEDA,MA. CONCEPCION GARCIA CASTANEDA,,,LUNES,17-19,MIERCOLES,17-18,MIERCOLES,12-15,,
197,198,QUIMICA GENERAL,D-VI,LUNES/17-19/F1,MIERCOLES/17-18/F1,"VIERNES/15-18/LAB. DE QUIMICA, EDIF. G",,MA. CONCEPCION GARCIA CASTANEDA / JUAN ARTURO SORIA RAMIREZ,MA. CONCEPCION GARCIA CASTANEDA,JUAN ARTURO SORIA RAMIREZ,,LUNES,17-19,MIERCOLES,17-18,VIERNES,15-18,,
198,199,QUIMICA GENERAL,D-VII,LUNES/17-19/F1,MIERCOLES/17-18/F1,"JUEVES/12-15/LAB. DE QUIMICA, EDIF. G",,MA. CONCEPCION GARCIA CASTANEDA / PATRICIA MARIA OLMOS MOYA,MA. CONCEPCION GARCIA CASTANEDA,PATRICIA MARIA OLMOS MOYA,,LUNES,17-19,MIERCOLES,17-18,JUEVES,12-15,,
199,200,QUIMICA GENERAL,D-VIII,LUNES/17-19/F1,MIERCOLES/17-18/F1,"VIERNES/8-11/LAB. DE QUIMICA, EDIF. G",,MA. CONCEPCION GARCIA CASTANEDA / PATRICIA MARIA OLMOS MOYA,MA. CONCEPCION GARCIA CASTANEDA,PATRICIA MARIA OLMOS MOYA,,LUNES,17-19,MIERCOLES,17-18,VIERNES,8-11,,
200,201,QUIMICA GENERAL,E-II,MARTES/12-14/ F5,JUEVES/11-12/F6,"JUEVES/8-11/LAB. DE QUIMICA, EDIF. G",,MARIA DE LOS ANGELES MENDOZA / SUSANA FIGUEROA GERSTENMAIER,MARIA DE LOS ANGELES MENDOZA,SUSANA FIGUEROA GERSTENMAIER,,MARTES,12-14,JUEVES,11-12,JUEVES,8-11,,
201,202,QUIMICA GENERAL,E-III,MARTES/12-14/ F5,JUEVES/11-12/F6,"JUEVES/15-18/LAB. DE QUIMICA, EDIF. G",,MARIA DE LOS ANGELES MENDOZA / ESTHELA PAOLA GARCIA TEJEDA,MARIA DE LOS ANGELES MENDOZA,ESTHELA PAOLA GARCIA TEJEDA,,MARTES,12-14,JUEVES,11-12,JUEVES,15-18,,
202,203,QUIMICA GENERAL,E-V,MARTES/12-14/ F5,JUEVES/11-12/F6,"MIERCOLES/12-15/LAB. DE QUIMICA, EDIF. G",,MARIA DE LOS ANGELES MENDOZA / MA. CONCEPCION GARCIA CASTANEDA,MARIA DE LOS ANGELES MENDOZA,MA. CONCEPCION GARCIA CASTANEDA,,MARTES,12-14,JUEVES,11-12,MIERCOLES,12-15,,
203,204,QUIMICA GENERAL,F-III,MIERCOLES/10-12/AUDITORIO DEL EDIF. G,VIERNES/11-12/G1,"JUEVES/15-18/LAB. DE QUIMICA, EDIF. G",,MA. ARACELI RUIZ AVALOS / ESTHELA PAOLA GARCIA TEJEDA,MA. ARACELI RUIZ AVALOS,ESTHELA PAOLA GARCIA TEJEDA,,MIERCOLES,10-12,VIERNES,11-12,JUEVES,15-18,,
204,205,QUIMICA GENERAL,F-IV,MIERCOLES/10-12/AUDITORIO DEL EDIF. G,VIERNES/11-12/G1,"VIERNES/12-15/LAB. DE QUIMICA, EDIF. G",,MA. ARACELI RUIZ AVALOS / ESTHELA PAOLA GARCIA TEJEDA,MA. ARACELI RUIZ AVALOS,ESTHELA PAOLA GARCIA TEJEDA,,MIERCOLES,10-12,VIERNES,11-12,VIERNES,12-15,,
205,206,QUIMICA GENERAL,F-VI,MIERCOLES/10-12/AUDITORIO DEL EDIF. G,VIERNES/11-12/G1,"VIERNES/15-18/LAB. DE QUIMICA, EDIF. G",,MA. ARACELI RUIZ AVALOS / JUAN ARTURO SORIA RAMIREZ,MA. ARACELI RUIZ AVALOS,JUAN ARTURO SORIA RAMIREZ,,MIERCOLES,10-12,VIERNES,11-12,VIERNES,15-18,,
206,207,QUIMICA GENERAL,F-X,MIERCOLES/10-12/AUDITORIO DEL EDIF. G,VIERNES/11-12/G1,"MIERCOLES/15-18/LAB. DE QUIMICA, EDIF. G",,MA. ARACELI RUIZ AVALOS / JUAN ARTURO SORIA RAMIREZ,MA. ARACELI RUIZ AVALOS,JUAN ARTURO SORIA RAMIREZ,,MIERCOLES,10-12,VIERNES,11-12,MIERCOLES,15-18,,
207,208,QUIMICA GENERAL,F-XI,MIERCOLES/10-12/AUDITORIO DEL EDIF. G,VIERNES/11-12/G1,"LUNES/15-18/LAB. DE QUIMICA, EDIF. G",,MA. ARACELI RUIZ AVALOS / JUAN ARTURO SORIA RAMIREZ,MA. ARACELI RUIZ AVALOS,JUAN ARTURO SORIA RAMIREZ,,MIERCOLES,10-12,VIERNES,11-12,LUNES,15-18,,
208,209,QUIMICA INORGANICA DESCRIPTIVA,A-I,JUEVES/13-14/F2,VIERNES/12-14/C3,"MARTES/15-18/LAB. DE QUIMICA, EDIF G",,MARIA DE LOS ANGELES MENDOZA,MARIA DE LOS ANGELES MENDOZA,,,JUEVES,13-14,VIERNES,12-14,MARTES,15-18,,
209,210,QUIMICA ORGANICA AVANZADA,A-I,MARTES/8-10/F7,JUEVES/12-13/F7,"MIERCOLES/12-15/LAB. DE QUIMICA, EDIF. F",,ANA LILIA GONZALEZ YEBRA/FERNANDO HERNANDEZ BORJA,ANA LILIA GONZALEZ YEBRA,FERNANDO HERNANDEZ BORJA,,MARTES,8-10,JUEVES,12-13,MIERCOLES,12-15,,
210,211,QUIMICA ORGANICA BASICA,A-I,JUEVES/12-13/F2,VIERNES/8-10/F2,"JUEVES/8-11/LAB. DE QUIMICA, EDIF. F",,MARIA DE LOS ANGELES MENDOZA/ANA LILIA GONZALEZ YEBRA,MARIA DE LOS ANGELES MENDOZA,ANA LILIA GONZALEZ YEBRA,,JUEVES,12-13,VIERNES,8-10,JUEVES,8-11,,
211,212,QUIMICA ORGANICA BASICA,A-II,JUEVES/12-13/F2,VIERNES/8-10/F2,"MARTES/12-15/LAB. DE QUIMICA, EDIF. F",,MARIA DE LOS ANGELES MENDOZA/MA. ARACELI RUIZ AVALOS,MARIA DE LOS ANGELES MENDOZA,MA. ARACELI RUIZ AVALOS,,JUEVES,12-13,VIERNES,8-10,MARTES,12-15,,
212,213,QUIMICA ORGANICA BASICA,A-III,JUEVES/12-13/F2,VIERNES/8-10/F2,"MIERCOLES/8-11/ LAB. DE QUIMICA, EDIF. F",,MARIA DE LOS ANGELES MENDOZA/ (BIRZABITH MENDOZA NOVELO Y SOLANGE IVETTE RIVERA MANRIQUE),MARIA DE LOS ANGELES MENDOZA,(BIRZABITH MENDOZA NOVELO Y SOLANGE IVETTE RIVERA MANRIQUE),,JUEVES,12-13,VIERNES,8-10,MIERCOLES,8-11,,
213,214,RADIOLOGIA,A,MARTES/15-18/C3,JUEVES/15-18/C3,,,MANUEL IVAN LEON MADRID,MANUEL IVAN LEON MADRID,,,MARTES,15-18,JUEVES,15-18,,,,
214,215,RELATIVIDAD GENERAL,A,MARTES/17-19/F6,JUEVES/17-19/F6,,,JOSE LUIS LOPEZ PICON,JOSE LUIS LOPEZ PICON,,,MARTES,17-19,JUEVES,17-19,,,,
215,216,SEGURIDAD E HIGIENE LABORAL,A,VIERNES/12-15/F8,,,,DULCE ARACELI GUZMAN ROCHA,DULCE ARACELI GUZMAN ROCHA,,,VIERNES,12-15,,,,,,
216,217,SEGURIDAD E HIGIENE LABORAL,B,LUNES/8-10/F5,VIERNES/12-13/F7,,,MA. ARACELY RUIZ AVALOS,MA. ARACELY RUIZ AVALOS,,,LUNES,8-10,VIERNES,12-13,,,,
217,218,SEGURIDAD EN EQUIPO MEDICO,A,SABADO/8-14/LAB. DE TECNOLOGIA E INNOVACION HOSPITALARIA,,,,JOSE GONZALEZ CRUZ,JOSE GONZALEZ CRUZ,,,SABADO,8-14,,,,,,
218,219,SINTESIS DE POLIMEROS,A,MARTES/17-19/F2,MIERCOLES/15-17/AUDITORIO DEL EDIFICIO B,,,IRAIS AMARANTA QUINTERO ORTEGA/JOSE JORGE DELGADO GARCIA,IRAIS AMARANTA QUINTERO ORTEGA,JOSE JORGE DELGADO GARCIA,,MARTES,17-19,MIERCOLES,15-17,,,,
219,220,SISTEMAS LINEALES,A,LUNES/10-12/F8,MIERCOLES/10-12/F8,,,HUETZIN AARON PEREZ OLIVAS,HUETZIN AARON PEREZ OLIVAS,,,LUNES,10-12,MIERCOLES,10-12,,,,
220,221,SISTEMAS LINEALES,B,MARTES/8-10/F5,JUEVES/10-12/C3,,,HUETZIN AARON PEREZ OLIVAS,HUETZIN AARON PEREZ OLIVAS,,,MARTES,8-10,JUEVES,10-12,,,,
221,222,TELEMEDICINA,A,LUNES/15-17/LAB. DE TECNOLOGIA E INNOVACION HOSPITALARIA,MIERCOLES/15-17/LAB. DE TECNOLOGIA E INNOVACION HOSPITALARIA,,,ARTURO VEGA GONZALEZ,ARTURO VEGA GONZALEZ,,,LUNES,15-17,MIERCOLES,15-17,,,,
222,223,TEMAS SELECTOS DE FISICA (FISICA NUCLEAR),A,LUNES/15-17/F8,MIERCOLES/15-17/F8,,,MODESTO ANTONIO SOSA AQUINO,MODESTO ANTONIO SOSA AQUINO,,,LUNES,15-17,MIERCOLES,15-17,,,,
223,224,TEMAS SELECTOS DE FISICA (MACHINE LEARNING),B,MARTES/17-19/CENTRO DE COMPUTO 1,VIERNES/17-19/CENTRO DE COMPUTO 1,,,LUIS CARLOS PADIERNA GARCIA,LUIS CARLOS PADIERNA GARCIA,,,MARTES,17-19,VIERNES,17-19,,,,
224,225,TEORIA CUANTICA DE CAMPOS,A,MARTES/17-19/F9,JUEVES/17-19/AUDITORIO DEL EDIFICIO B,,,CARLOS ALBERTO VAQUERA ARAUJO,CARLOS ALBERTO VAQUERA ARAUJO,,,MARTES,17-19,JUEVES,17-19,,,,
225,226,TERMODINAMICA,A-I,MIERCOLES/8-10/F5,VIERNES/8-10/F5,"VIERNES/10-12/ LAB. DE TERMODINAMICA, EDIF. G",,JOSE TORRES ARENAS / JUAN FRANCISCO RAYAS ROJAS,JOSE TORRES ARENAS,JUAN FRANCISCO RAYAS ROJAS,,MIERCOLES,8-10,VIERNES,8-10,VIERNES,10-12,,
226,227,TERMODINAMICA,A-III,MIERCOLES/8-10/F5,VIERNES/8-10/F5,"MIERCOLES/10-12/ LAB. DE TERMODINAMICA, EDIF. G",,JOSE TORRES ARENAS / JORGE ALBERTO MOLINA GONZALEZ,JOSE TORRES ARENAS,JORGE ALBERTO MOLINA GONZALEZ,,MIERCOLES,8-10,VIERNES,8-10,MIERCOLES,10-12,,
227,228,TERMODINAMICA,A-IV,MIERCOLES/8-10/F5,VIERNES/8-10/F5,"LUNES/15-17/ LAB. DE TERMODINAMICA, EDIF. G",,JOSE TORRES ARENAS/JORGE ALBERTO MOLINA GONZALEZ,JOSE TORRES ARENAS,JORGE ALBERTO MOLINA GONZALEZ,,MIERCOLES,8-10,VIERNES,8-10,LUNES,15-17,,
228,229,TERMODINAMICA,B-II,LUNES/12-14/F8,JUEVES/10-12/F8,"MIERCOLES/12-14/ LAB. DE TERMODINAMICA, EDIF. G",,JOSE TORRES ARENAS/JORGE ALBERTO MOLINA GONZALEZ,JOSE TORRES ARENAS,JORGE ALBERTO MOLINA GONZALEZ,,LUNES,12-14,JUEVES,10-12,MIERCOLES,12-14,,
229,230,TERMODINAMICA,B-III,LUNES/12-14/F8,JUEVES/10-12/F8,"MIERCOLES/10-12/ LAB. DE TERMODINAMICA, EDIF. G",,JOSE TORRES ARENAS / JORGE ALBERTO MOLINA GONZALEZ,JOSE TORRES ARENAS,JORGE ALBERTO MOLINA GONZALEZ,,LUNES,12-14,JUEVES,10-12,MIERCOLES,10-12,,
230,231,TERMODINAMICA,B-V,LUNES/12-14/F8,JUEVES/10-12/F8,"VIERNES/8-10/ LAB. DE TERMODINAMICA, EDIF. G",,JOSE TORRES ARENAS/JORGE ALBERTO MOLINA GONZALEZ,JOSE TORRES ARENAS,JORGE ALBERTO MOLINA GONZALEZ,,LUNES,12-14,JUEVES,10-12,VIERNES,8-10,,
231,232,TERMODINAMICA,C-VI,MIERCOLES/10-12/F9,VIERNES/10-12/F8,"JUEVES/10-12/ LAB. DE TERMODINAMICA, EDIF. G",,JOSE TORRES ARENAS/JORGE ALBERTO MOLINA GONZALEZ,JOSE TORRES ARENAS,JORGE ALBERTO MOLINA GONZALEZ,,MIERCOLES,10-12,VIERNES,10-12,JUEVES,10-12,,
232,233,TERMODINAMICA,C-VII,MIERCOLES/10-12/F9,VIERNES/10-12/F8,"MARTES/12-14/ LAB. DE TERMODINAMICA, EDIF. G",,JOSE TORRES ARENAS / NATALIA RINCON LONDONO,JOSE TORRES ARENAS,NATALIA RINCON LONDONO,,MIERCOLES,10-12,VIERNES,10-12,MARTES,12-14,,
233,234,TERMODINAMICA,D-III,LUNES/10-12/F9,VIERNES/12-14/F9,"MIERCOLES/10-12/ LAB. DE TERMODINAMICA, EDIF. G",,RAMON CASTANEDA PRIEGO/JORGE ALBERTO MOLINA GONZALEZ,RAMON CASTANEDA PRIEGO,JORGE ALBERTO MOLINA GONZALEZ,,LUNES,10-12,VIERNES,12-14,MIERCOLES,10-12,,
234,235,TERMODINAMICA,D-VIII,LUNES/10-12/F9,VIERNES/12-14/F9,"MARTES/15-17/ LAB. DE TERMODINAMICA, EDIF. G",,RAMON CASTANEDA PRIEGO/JORGE ALBERTO MOLINA GONZALEZ,RAMON CASTANEDA PRIEGO,JORGE ALBERTO MOLINA GONZALEZ,,LUNES,10-12,VIERNES,12-14,MARTES,15-17,,
235,236,TERMODINAMICA QUIMICA,A,LUNES/17-19/F5,"LUNES/14-16/LAB. DE QUIMICA, EDIF. F",JUEVES/17-19/CENTRO DE COMPUTO 2,,IRAIS AMARANTA QUINTERO ORTEGA,IRAIS AMARANTA QUINTERO ORTEGA,,,LUNES,17-19,LUNES,14-16,JUEVES,17-19,,
236,237,TOPICOS SELECTOS DE ASTRONOMIA,A,MARTES/15-17/C2,JUEVES/15-17/C2,,,CARSTEN HOLTFORT,CARSTEN HOLTFORT,,,MARTES,15-17,JUEVES,15-17,,,,
237,238,TOPICOS SELECTOS DE ASTRONOMIA,B,LUNES/14-16/F9,MIERCOLES/14-16/F9,,,OCTAVIO JOSE OBREGON DIAZ,OCTAVIO JOSE OBREGON DIAZ,,,LUNES,14-16,MIERCOLES,14-16,,,,
238,239,TOPICOS SELECTOS DE ENERGIAS ALTERNAS,A,MARTES/17-19/F8,JUVES/17-19/F8,,,ELDER DE LA ROSA CRUZ,ELDER DE LA ROSA CRUZ,,,MARTES,17-19,JUVES,17-19,,,,
239,240,VARIABLE COMPLEJA,A,MIERCOLES/8-10/F7,VIERNES/8-10/F7,,,MARCO ANTONIO REYES SANTOS,MARCO ANTONIO REYES SANTOS,,,MIERCOLES,8-10,VIERNES,8-10,,,,
240,241,VARIABLE COMPLEJA,B,MARTES/10-12/C3,VIERNES/10-12/F6,,,AZARAEL ADONAY YEBRA PEREZ,AZARAEL ADONAY YEBRA PEREZ,,,MARTES,10-12,VIERNES,10-12,,,,
