_ID,index_in_page,NAME,GROUP,DAY/TIME/ROOM1,DAY/TIME/ROOM2,DAY/TIME/ROOM3,DAY/TIME/ROOM4,PROFESSORS,PROFESSOR1,PROFESSOR2,PROFESSOR3,PROFESSOR4,DAY1,TIME1,ROOM1,DAY2,TIME2,ROOM2,DAY3,TIME3,ROOM3,DAY4,TIME4,ROOM4
0,1,ADMINISTRACION Y MANEJO DE PERSONAL,A,SABADO/9-12/F6,,,,ALDELMO EMMANUEL ISRAEL REYES PABLO,ALDELMO EMMANUEL ISRAEL REYES PABLO,,,,SABADO,9-12,F6,,,,,,,,,
1,2,ALEMAN I,A,SABADO/8-11/F7,,,,MA. ISABEL DELGADILLO CANO,MA. ISABEL DELGADILLO CANO,,,,SABADO,8-11,F7,,,,,,,,,
2,3,ALGEBRA LINEAL,A,LUNES/8-10/AUDITORIO EDIF. G,MIERCOLES/8-10/AUDITORIO EDIF. G,,,MIGUEL ANGEL VALLEJO HERNANDEZ,MIGUEL ANGEL VALLEJO HERNANDEZ,,,,LUNES,8-10,AUDITORIO EDIF. G,MIERCOLES,8-10,AUDITORIO EDIF. G,,,,,,
3,4,ALGEBRA LINEAL,B,MARTES/8-10/F1,JUEVES/8-10/F1,,,TEODORO CORDOVA FRAGA,TEODORO CORDOVA FRAGA,,,,MARTES,8-10,F1,JUEVES,8-10,F1,,,,,,
4,5,ALGEBRA LINEAL,C,MARTES/10-12/F1,JUEVES/10-12/F1,,,OCTAVIO JOSE OBREGON DIAZ,OCTAVIO JOSE OBREGON DIAZ,,,,MARTES,10-12,F1,JUEVES,10-12,F1,,,,,,
5,6,ALGEBRA LINEAL,D,MIERCOLES/12-14/F1,VIERNES/12-14/F1,,,ERASTO ORTIZ RICARDO,ERASTO ORTIZ RICARDO,,,,MIERCOLES,12-14,F1,VIERNES,12-14,F1,,,,,,
6,7,ALGEBRA LINEAL,E,LUNES/15-17/G1,MIERCOLES/15-17/G1,,,JOSE DE JESUS BERNAL ALVARADO,JOSE DE JESUS BERNAL ALVARADO,,,,LUNES,15-17,G1,MIERCOLES,15-17,G1,,,,,,
7,8,ANALISIS DE CIRCUITOS,A,MARTES/8-10/LAB. DE ELECTRONICA EDIF. G,JUEVES/8-12/LAB. DE ELECTRONICA EDIF. G,,,CARLOS VILLASENOR MORA,CARLOS VILLASENOR MORA,,,,MARTES,8-10,LAB. DE ELECTRONICA EDIF. G,JUEVES,8-12,LAB. DE ELECTRONICA EDIF. G,,,,,,
8,9,ANALISIS DE CIRCUITOS,B,LUNES/12-16/LAB. DE ELECTRONICA EDIF.G,MIERCOLES/8-10/LAB. DE ELECTRONICA EDIF. G,,,JOSE MARCO BALLEZA ORDAZ,JOSE MARCO BALLEZA ORDAZ,,,,LUNES,12-16,LAB. DE ELECTRONICA EDIF.G,MIERCOLES,8-10,LAB. DE ELECTRONICA EDIF. G,,,,,,
9,10,ANALISIS DE LA CULTURA MEXICANA,A,LUNES/16-19/AUDITORIO DEL EDIF. G,,,,FERNANDO AGUAS ANGEL,FERNANDO AGUAS ANGEL,,,,LUNES,16-19,AUDITORIO DEL EDIF. G,,,,,,,,,
10,11,ANALISIS TENSORIAL,A,MARTES/15-17/F8,JUEVES/15-17/F8,,,OWEN PAVEL FERNANDEZ PIEDRA,OWEN PAVEL FERNANDEZ PIEDRA,,,,MARTES,15-17,F8,JUEVES,15-17,F8,,,,,,
11,12,ANALISIS VECTORIAL,A,LUNES/10-12/F5,MIERCOLES/12-14/G1,,,OWEN PAVEL FERNANDEZ PIEDRA,OWEN PAVEL FERNANDEZ PIEDRA,,,,LUNES,10-12,F5,MIERCOLES,12-14,G1,,,,,,
12,13,ANALISIS VECTORIAL,B,LUNES/10-12/G1,JUEVES/10-12/G1,,,OSCAR LOPEZ AGUAYO,OSCAR LOPEZ AGUAYO,,,,LUNES,10-12,G1,JUEVES,10-12,G1,,,,,,
13,14,ANALISIS VECTORIAL,C,MARTES/15-17/F6,JUEVES/15-17/F6,,,WILFREDO YUPANQUI CARPIO,WILFREDO YUPANQUI CARPIO,,,,MARTES,15-17,F6,JUEVES,15-17,F6,,,,,,
14,15,ANATOMIA Y FISIOLOGIA I,A,LUNES/8-10/C2,MIERCOLES/8-10/C2,,,JOSE FIDEL BAIZABAL CARVALLO,JOSE FIDEL BAIZABAL CARVALLO,,,,LUNES,8-10,C2,MIERCOLES,8-10,C2,,,,,,
15,16,ANATOMIA Y FISIOLOGIA II,A,MARTES/8-10/C2,JUEVES/8-10/C2,,,VICTOR HUGO HERNANDEZ GONZALEZ,VICTOR HUGO HERNANDEZ GONZALEZ,,,,MARTES,8-10,C2,JUEVES,8-10,C2,,,,,,
16,17,ARQUITECTURA DE MICROCONTROLADORES,A,MARTES/10-14/LAB. DE ELECTRONICA EDIF. G,JUEVES/12-14/LAB. DE ELECTRONICA EDIF. G,,,CARLOS VILLASENOR MORA,CARLOS VILLASENOR MORA,,,,MARTES,10-14,LAB. DE ELECTRONICA EDIF. G,JUEVES,12-14,LAB. DE ELECTRONICA EDIF. G,,,,,,
17,18,ASPECTOS BASICOS DEL PROCESO DEL CURTIDO,A,VIERNES/15-19/LAB. DE CURTIDO,,,,JUAN FRANCISCO RAYAS ROJAS,JUAN FRANCISCO RAYAS ROJAS,,,,VIERNES,15-19,LAB. DE CURTIDO,,,,,,,,,
18,19,BALANCE DE MATERIA Y ENERGIA,A,LUNES/12-14/F8,JUEVES/10-12/F8,,,CARLOS EDUARDO MOLINA GUERRERO,CARLOS EDUARDO MOLINA GUERRERO,,,,LUNES,12-14,F8,JUEVES,10-12,F8,,,,,,
19,20,BALANCE DE MATERIA Y ENERGIA,B,MIERCOLES/15-17/F6,VIERNES/15-17/F7,,,JOSE ANTONIO REYES AGUILERA,JOSE ANTONIO REYES AGUILERA,,,,MIERCOLES,15-17,F6,VIERNES,15-17,F7,,,,,,
20,21,BASES FISICAS PARA EL DIAGNOSTICO POR IMAGENES,A,MARTES/15-18/C2,VIERNES/12-15/C3,,,MODESTO ANTONIO SOSA AQUINO/ARTURO GONZALEZ VEGA/TEODORO CORDOVA FRAGA/FRANCISCO MIGUEL VARGAS LUNA,MODESTO ANTONIO SOSA AQUINO,ARTURO GONZALEZ VEGA,TEODORO CORDOVA FRAGA,FRANCISCO MIGUEL VARGAS LUNA,MARTES,15-18,C2,VIERNES,12-15,C3,,,,,,
21,22,BIOESTADISTICA,A,LUNES/8-10/F8,VIERNES/8-10/F2,,,TEODORO CORDOVA FRAGA,TEODORO CORDOVA FRAGA,,,,LUNES,8-10,F8,VIERNES,8-10,F2,,,,,,
22,23,BIOFISICA,A,MARTES/8-10/,JUEVES/8-10/,,,JOSE DE JESUS BERNAL ALVARADO,JOSE DE JESUS BERNAL ALVARADO,,,,MARTES,8-10,PENDIENTE,JUEVES,8-10,,,,,,,
23,24,BIOFISICA MEDICA,A,MARTES/10-12/C2,MIERCOLES/10-12/C2,,,MODESTO ANTONIO SOSA AQUINO/VICTOR HUGO HERNANDEZ GONZALEZ,MODESTO ANTONIO SOSA AQUINO,VICTOR HUGO HERNANDEZ GONZALEZ,,,MARTES,10-12,C2,MIERCOLES,10-12,C2,,,,,,
24,25,BIOLOGIA CELULAR,A-I,LUNES/10-12/F7,JUEVES/8-9/F9,JUEVES/15-18/LAB. DE BIOLOGIA EDIF. G,,SILVIA ALEJANDRA LOPEZ JUAREZ,SILVIA ALEJANDRA LOPEZ JUAREZ,,,,LUNES,10-12,F7,JUEVES,8-9,F9,JUEVES,15-18,LAB. DE BIOLOGIA EDIF. G,,,
25,26,BIOLOGIA CELULAR,B-II,MARTES/12-13/F5,JUEVES/12-14/F7,"MIERCOLES/12-15/LAB. DE BIOLOGIA, EDIF. G",,GUSTAVO BASURTO ISLAS,GUSTAVO BASURTO ISLAS,,,,MARTES,12-13,F5,JUEVES,12-14,F7,MIERCOLES,12-15,"LAB. DE BIOLOGIA, EDIF. G",,,
26,27,BIOMECANICA,A-I,"LUNES/10-14/LAB. DE BOMECANICA, EDIF. C",MIERCOLES/12-14/AUDITORIO EDIF. B,,,ARTURO VEGA GONZALEZ/ARGELIA ROSILLO DE LA TORRE,ARTURO VEGA GONZALEZ,ARGELIA ROSILLO DE LA TORRE,,,LUNES,10-14,"LAB. DE BOMECANICA, EDIF. C",MIERCOLES,12-14,AUDITORIO EDIF. B,,,,,,
27,28,BIOMECANICA,A-II,MIERCOLES/12-14/AUDITORIO EDIF. B,"JUEVES/12-16/LAB. DE BIOMECANICA, EDIF. C",,,ARTURO VEGA GONZALEZ/ARGELIA ROSILLO DE LA TORRE,ARTURO VEGA GONZALEZ,ARGELIA ROSILLO DE LA TORRE,,,MIERCOLES,12-14,AUDITORIO EDIF. B,JUEVES,12-16,"LAB. DE BIOMECANICA, EDIF. C",,,,,,
28,29,BIOQUIMICA,A-I,MARTES/10-11/F9,MIERCOLES/10-11/AUDITORIO DEL EDIF. G,VIERNES/11-12/F7,VIERNES/8-11/LAB. DE BIOLOGIA EDIF. G,LAURA EDITH CASTELLANO TORRES,LAURA EDITH CASTELLANO TORRES,,,,MARTES,10-11,F9,MIERCOLES,10-11,AUDITORIO DEL EDIF. G,VIERNES,11-12,F7,VIERNES,8-11,LAB. DE BIOLOGIA EDIF. G
29,30,BIOSEGURIDAD,A,LUNES/11-13/C3,JUEVES/8-10/C3,,,ARGELIA ROSILLO DE LA TORRE,ARGELIA ROSILLO DE LA TORRE,,,,LUNES,11-13,C3,JUEVES,8-10,C3,,,,,,
30,31,BIOTECNOLOGIA,A,LUNES/15-18/C3,"JUEVES/12-15/LAB. DE BIOLOGIA, EDIF. G",,,VICTOR HUGO HERNANDEZ GONZALEZ/SILVIA ALEJANDRA LOPEZ JUAREZ,VICTOR HUGO HERNANDEZ GONZALEZ,SILVIA ALEJANDRA LOPEZ JUAREZ,,,LUNES,15-18,C3,JUEVES,12-15,"LAB. DE BIOLOGIA, EDIF. G",,,,,,
31,32,CALCULO DE VARIAS VARIABLES,A,MARTES/8-10/F8,JUEVES/8-10/F8,,,JULIO CESAR LOPEZ DOMINGUEZ,JULIO CESAR LOPEZ DOMINGUEZ,,,,MARTES,8-10,F8,JUEVES,8-10,F8,,,,,,
32,33,CALCULO DE VARIAS VARIABLES,B,LUNES/15-17/F8,MIERCOLES/15-17/F8,,,AMERICA NOEMI MORALES ANDA,AMERICA NOEMI MORALES ANDA,,,,LUNES,15-17,F8,MIERCOLES,15-17,F8,,,,,,
33,34,CALCULO DE VARIAS VARIABLES,C,MARTES/15-17/F5,JUEVES/15-17/F5,,,LUIS ARTURO URENA LOPEZ,LUIS ARTURO URENA LOPEZ,,,,MARTES,15-17,F5,JUEVES,15-17,F5,,,,,,
34,35,CALCULO DIFERENCIAL,A,LUNES/10-12/F1,MIERCOLES/10-12/F1,,,MIGUEL ANGEL VALLEJO HERNANDEZ,MIGUEL ANGEL VALLEJO HERNANDEZ,,,,LUNES,10-12,F1,MIERCOLES,10-12,F1,,,,,,
35,36,CALCULO DIFERENCIAL,B,MARTES/10-12/F2,JUEVES/10-12/F2,,,LORENA BERENICE VELAZQUEZ IBARRA,LORENA BERENICE VELAZQUEZ IBARRA,,,,MARTES,10-12,F2,JUEVES,10-12,F2,,,,,,
36,37,CALCULO DIFERENCIAL,C,MARTES/12-14/AUDITORIO DEL EDIF. G,JUEVES/12-14/F8,,,LORENA BERENICE VELAZQUEZ IBARRA,LORENA BERENICE VELAZQUEZ IBARRA,,,,MARTES,12-14,AUDITORIO DEL EDIF. G,JUEVES,12-14,F8,,,,,,
37,38,CALCULO DIFERENCIAL,D,MARTES/15-17/SALA 921 EDIFICIO F DEL CIO,JUEVES/15-17/SALA 921 EDIFICIO F DEL CIO,,,MOISES CYWIAK,MOISES CYWIAK,,,,MARTES,15-17,SALA 921 EDIFICIO F DEL CIO,JUEVES,15-17,SALA 921 EDIFICIO F DEL CIO,,,,,,
38,39,CALCULO DIFERENCIAL,E,LUNES/12-14/C2,JUEVES/12-14/C2,,,CARSTEN HOLTFORT,CARSTEN HOLTFORT,,,,LUNES,12-14,C2,JUEVES,12-14,C2,,,,,,
39,40,CALCULO INTEGRAL,A,MARTES/10-12/AUDITORIO DEL EDIF. B,JUEVES/10-12/ C2,,,JOSE SOCORRO GARCIA DIAZ,JOSE SOCORRO GARCIA DIAZ,,,,MARTES,10-12,AUDITORIO DEL EDIF. B,JUEVES,10-12,C2,,,,,,
40,41,CALCULO INTEGRAL,B,MIERCOLES/10-12/F5,VIERNES/10-12/F8,,,PENDIENTE,PENDIENTE,,,,MIERCOLES,10-12,F5,VIERNES,10-12,F8,,,,,,
41,42,CALCULO INTEGRAL,C,LUNES/12-14/F2,MIERCOLES/12-14/F2,,,ETNA DAFNE YANEZ ROLDAN,ETNA DAFNE YANEZ ROLDAN,,,,LUNES,12-14,F2,MIERCOLES,12-14,F2,,,,,,
42,43,CALCULO INTEGRAL,D,MARTES/12-14/F1,JUEVES/12-14/F1,,,MODESTO ANTONIO SOSA AQUINO,MODESTO ANTONIO SOSA AQUINO,,,,MARTES,12-14,F1,JUEVES,12-14,F1,,,,,,
43,44,CALCULO INTEGRAL,E,LUNES/15-17/F2,MIERCOLES/15-17/F2,,,FRANCISCO SASTRE CARMONA,FRANCISCO SASTRE CARMONA,,,,LUNES,15-17,F2,MIERCOLES,15-17,F2,,,,,,
44,45,CALCULO INTEGRAL,F,MARTES/15-17/F2,JUEVES/15-17/F2,,,FRANCISCO SASTRE CARMONA,FRANCISCO SASTRE CARMONA,,,,MARTES,15-17,F2,JUEVES,15-17,F2,,,,,,
45,46,CALCULO INTEGRAL,G,MIERCOLES/12-14/ F7,VIERNES/12-14/ F7,,,JOHAN MANUEL ZUNIGA COLLAZOS,JOHAN MANUEL ZUNIGA COLLAZOS,,,,MIERCOLES,12-14,F7,VIERNES,12-14,F7,,,,,,
46,47,CINETICA QUIMICA Y CATALISIS,A-I,LUNES/12-14/F9,JUEVES/9-10/F9,MARTES/8-11/LAB. DE QUIMICA EDIF. G,,ANDREA CEJA FERNANDEZ,ANDREA CEJA FERNANDEZ,,,,LUNES,12-14,F9,JUEVES,9-10,F9,MARTES,8-11,LAB. DE QUIMICA EDIF. G,,,
47,48,COSMOLOGIA,A,MARTES/17-19/ SALA DE JUNTAS EDIF. B,VIERNES/17-19/SALA DE JUNTAS EDIF. B,,,ALMA XOCHITL GONZALEZ MORALES,ALMA XOCHITL GONZALEZ MORALES,,,,MARTES,17-19,SALA DE JUNTAS EDIF. B,VIERNES,17-19,SALA DE JUNTAS EDIF. B,,,,,,
48,49,DEBATES ETICOS CONTEMPORANEOS Y DERECHOS HUMANOS,A,MIERCOLES/16-19/AUDITORIO EDIF. G,,,,FERNANDO AGUAS ANGEL,FERNANDO AGUAS ANGEL,,,,MIERCOLES,16-19,AUDITORIO EDIF. G,,,,,,,,,
49,50,DESARROLLO HISTORICO DE LA FISICA MODERNA,A,MIERCOLES/10-12/AUDITORIO DEL EDIF. B,VIERNES/10-11/AUDITORIO DEL EDIFICIO B,,,JUAN BARRANCO MONARCA,JUAN BARRANCO MONARCA,,,,MIERCOLES,10-12,AUDITORIO DEL EDIF. B,VIERNES,10-11,AUDITORIO DEL EDIFICIO B,,,,,,
50,51,DISENO DE PROCESOS,A,MARTES/8-10/ F6,VIERNES/8-10/ CENTRO DE COMPUTO 2,,,JOSE DE JESUS IBARRA SANCHEZ,JOSE DE JESUS IBARRA SANCHEZ,,,,MARTES,8-10,F6,VIERNES,8-10,CENTRO DE COMPUTO 2,,,,,,
51,52,ECUACIONES DIFERENCIALES ORDINARIAS,A,LUNES/10-12/C2,JUEVES/10-12/F7,,,FRANCISCO MIGUEL VARGAS LUNA,FRANCISCO MIGUEL VARGAS LUNA,,,,LUNES,10-12,C2,JUEVES,10-12,F7,,,,,,
52,53,ECUACIONES DIFERENCIALES ORDINARIAS,B,LUNES/12-14/F5,MIERCOLES/12-14/F5,,,FRANCISCO MIGUEL VARGAS LUNA,FRANCISCO MIGUEL VARGAS LUNA,,,,LUNES,12-14,F5,MIERCOLES,12-14,F5,,,,,,
53,54,ECUACIONES DIFERENCIALES ORDINARIAS,C,MARTES/17-19/F5,JUEVES/17-19/F5,,,LUIS ARTURO URENA LOPEZ,LUIS ARTURO URENA LOPEZ,,,,MARTES,17-19,F5,JUEVES,17-19,F5,,,,,,
54,55,ECUACIONES DIFERENCIALES PARCIALES,A,MIERCOLES/8-10/F2,VIERNES/10-12/C2,,,CARLOS ANDRES SAAVEDRA SALAZAR,CARLOS ANDRES SAAVEDRA SALAZAR,,,,MIERCOLES,8-10,F2,VIERNES,10-12,C2,,,,,,
55,56,ELECTRICIDAD Y MAGNETISMO,A-VI,MARTES/10-12/F6,JUEVES/10-12/F6,"VIERNES/8-10/LAB. DE FISICA MODERNA,  EDIF. G",,JULIAN FELIX VALDEZ/GERARDO GUTIERREZ JUAREZ,JULIAN FELIX VALDEZ,GERARDO GUTIERREZ JUAREZ,,,MARTES,10-12,F6,JUEVES,10-12,F6,VIERNES,8-10,"LAB. DE FISICA MODERNA,  EDIF. G",,,
56,57,ELECTRICIDAD Y MAGNETISMO,A-VII,MARTES/10-12/F6,JUEVES/10-12/F6,"LUNES/10-12/LAB. DE FISICA MODERNA, EDIF. G",,JULIAN FELIX VALDEZ/JOSE SOCORRO GARCIA DIAZ,JULIAN FELIX VALDEZ,JOSE SOCORRO GARCIA DIAZ,,,MARTES,10-12,F6,JUEVES,10-12,F6,LUNES,10-12,"LAB. DE FISICA MODERNA, EDIF. G",,,
57,58,ELECTRICIDAD Y MAGNETISMO,B-IX,JUEVES/10-12/F5,VIERNES/10-12/F5,"VIERNES/12-14/LAB. DE FISICA MODERNA, EDIF. G",,ERICK SARMIENTO GOMEZ/ GEORFREY HUMBERTO ISRAEL MAURY CUNA,ERICK SARMIENTO GOMEZ,GEORFREY HUMBERTO ISRAEL MAURY CUNA,,,JUEVES,10-12,F5,VIERNES,10-12,F5,VIERNES,12-14,"LAB. DE FISICA MODERNA, EDIF. G",,,
58,59,ELECTRICIDAD Y MAGNETISMO,B-V,JUEVES/10-12/F5,VIERNES/10-12/F5,"LUNES/12-14/LAB. DE FISICA MODERNA, EDIF. G",,ERICK SARMIENTO GOMEZ/JULIAN FELIX VALDEZ,ERICK SARMIENTO GOMEZ,JULIAN FELIX VALDEZ,,,JUEVES,10-12,F5,VIERNES,10-12,F5,LUNES,12-14,"LAB. DE FISICA MODERNA, EDIF. G",,,
59,60,ELECTRICIDAD Y MAGNETISMO,C-III,LUNES/10-12/F8,JUEVES/12-14/G1,"MIERCOLES/10-12/LAB. DE FISICA MODERNA, EDIF. G",,GEORFREY HUMBERTO ISRAEL MAURY CUNA/JULIAN FELIX VALDEZ,GEORFREY HUMBERTO ISRAEL MAURY CUNA,JULIAN FELIX VALDEZ,,,LUNES,10-12,F8,JUEVES,12-14,G1,MIERCOLES,10-12,"LAB. DE FISICA MODERNA, EDIF. G",,,
60,61,ELECTRICIDAD Y MAGNETISMO,C-IV,LUNES/10-12/F8,JUEVES/12-14/G1,"MARTES/10-12/LAB. DE FISICA MODERNA, EDIF. G",,GEORFREY HUMBERTO ISRAEL MAURY CUNA,GEORFREY HUMBERTO ISRAEL MAURY CUNA,,,,LUNES,10-12,F8,JUEVES,12-14,G1,MARTES,10-12,"LAB. DE FISICA MODERNA, EDIF. G",,,
61,62,ELECTRICIDAD Y MAGNETISMO,D-I,LUNES/12-14/F1,VIERNES/12-14/F2,"JUEVES/8-10/LAB. DE FISICA MODERNA, EDIF. G",,GERARDO GUTIERREZ JUAREZ/JULIAN FELIX VALDEZ,GERARDO GUTIERREZ JUAREZ,JULIAN FELIX VALDEZ,,,LUNES,12-14,F1,VIERNES,12-14,F2,JUEVES,8-10,"LAB. DE FISICA MODERNA, EDIF. G",,,
62,63,ELECTRICIDAD Y MAGNETISMO,D-II,LUNES/12-14/F1,VIERNES/12-14/F2,"MIERCOLES/12-14/LAB. DE FISICA MODERNA, EDIF. G",,GERARDO GUTIERREZ JUAREZ/JULIAN FELIX VALDEZ,GERARDO GUTIERREZ JUAREZ,JULIAN FELIX VALDEZ,,,LUNES,12-14,F1,VIERNES,12-14,F2,MIERCOLES,12-14,"LAB. DE FISICA MODERNA, EDIF. G",,,
63,64,ELECTRICIDAD Y MAGNETISMO,E-V,LUNES/15-17/F6,VIERNES/15-17/F6,"LUNES/12-14/LAB. DE FISICA MODERNA, EDIF. G",,PENDIENTE/ JULIAN FELIX VALDEZ,PENDIENTE,JULIAN FELIX VALDEZ,,,LUNES,15-17,F6,VIERNES,15-17,F6,LUNES,12-14,"LAB. DE FISICA MODERNA, EDIF. G",,,
64,65,ELECTRICIDAD Y MAGNETISMO,E-VIII,LUNES/15-17/F6,VIERNES/15-17/F6,"JUEVES/12-14/LAB. DE FISICA MODERNAL, EDIF. G",,PENDIENTE/ LENIN FRANCISCO ESCAMILLA HERRERA,PENDIENTE,LENIN FRANCISCO ESCAMILLA HERRERA,,,LUNES,15-17,F6,VIERNES,15-17,F6,JUEVES,12-14,"LAB. DE FISICA MODERNAL, EDIF. G",,,
65,66,ELECTROMAGNETISMO,A,LUNES/8-10/ G1,MARTES/10-12/ F7,,,CARLOS ANDRES SAAVEDRA SALAZAR,CARLOS ANDRES SAAVEDRA SALAZAR,,,,LUNES,8-10,G1,MARTES,10-12,F7,,,,,,
66,67,ELECTROMAGNETISMO,B,MARTES/8-10/F7,JUEVES/8-10/ F7,,,RAMON CASTANEDA PRIEGO,RAMON CASTANEDA PRIEGO,,,,MARTES,8-10,F7,JUEVES,8-10,F7,,,,,,
67,68,ESTRUCTURA DE LA MATERIA,A,MIERCOLES/12-13/ AUDITORIO EDIF. G,JUEVES/10-12/C3,,,LEONARDO ALVAREZ VALTIERRA,LEONARDO ALVAREZ VALTIERRA,,,,MIERCOLES,12-13,AUDITORIO EDIF. G,JUEVES,10-12,C3,,,,,,
68,69,EVALUACION DE TECNOLOGIA HOSPITALARIA,A,MARTES/17-19/F9,JUEVES/17-19/F9,,,JOSE GONZALEZ CRUZ,JOSE GONZALEZ CRUZ,,,,MARTES,17-19,F9,JUEVES,17-19,F9,,,,,,
69,70,FENOMENOLOGIA DE LAS PARTICULAS ELEMENTALES,A,VIERNES/10-14/SALA DE JUNTAS EDIF. A,,,,DAVID YVES GHISLAIN DELEPINE,DAVID YVES GHISLAIN DELEPINE,,,,VIERNES,10-14,SALA DE JUNTAS EDIF. A,,,,,,,,,
70,71,FENOMENOS DE TRANSPORTE,A,MIERCOLES/8-10/F5,VIERNES/8-10/F5,,,IRAIS AMARANTA QUINTERO ORTEGA,IRAIS AMARANTA QUINTERO ORTEGA,,,,MIERCOLES,8-10,F5,VIERNES,8-10,F5,,,,,,
71,72,FISICA CUANTICA,A-I,LUNES/15-17/F1,MIERCOLES/15-17/F1,"JUEVES/14-16/LAB. DE FISICA MODERNA, EDIF. G",,JOSE LUIS LUCIO MARTINEZ/MIGUEL ANGEL HONORATO COLIN,JOSE LUIS LUCIO MARTINEZ,MIGUEL ANGEL HONORATO COLIN,,,LUNES,15-17,F1,MIERCOLES,15-17,F1,JUEVES,14-16,"LAB. DE FISICA MODERNA, EDIF. G",,,
72,73,FISICA CUANTICA,A-II,LUNES/15-17/F1,MIERCOLES/15-17/F1,"MIERCOLES/8-10/LAB DE FISICA MODERNA,  EDIF. G",,JOSE LUIS LUCIO MARTINEZ/MIGUEL ANGEL HONORATO COLIN,JOSE LUIS LUCIO MARTINEZ,MIGUEL ANGEL HONORATO COLIN,,,LUNES,15-17,F1,MIERCOLES,15-17,F1,MIERCOLES,8-10,"LAB DE FISICA MODERNA,  EDIF. G",,,
73,74,FISICA DE LASERES,A,LUNES/17-19/F9,MIERCOLES/17-19/F9,,,GILBERTO ANZUETO SANCHEZ,GILBERTO ANZUETO SANCHEZ,,,,LUNES,17-19,F9,MIERCOLES,17-19,F9,,,,,,
74,75,FISICA GENERAL,A-II,MARTES/10-12/AUDITORIO G,VIERNES/8-10/ AUDITORIO G,"LUNES/10-12/LAB. DE FISICA CLASICA, EDIFICIO C",,FRANCISCO ALARCON OSEGUERA / MODESTO ANTONIO SOSA AQUINO,FRANCISCO ALARCON OSEGUERA,MODESTO ANTONIO SOSA AQUINO,,,MARTES,10-12,AUDITORIO G,VIERNES,8-10,AUDITORIO G,LUNES,10-12,"LAB. DE FISICA CLASICA, EDIFICIO C",,,
75,76,FISICA GENERAL,A-III,MARTES/10-12/AUDITORIO G,VIERNES/8-10/ AUDITORIO G,"MIERCOLES/8-10/LAB. DE FISICA CLASICA, EDIFICIO C",,FRANCISCO ALARCON OSEGUERA/ JOSE MIGUEL RAMOS MORENO,FRANCISCO ALARCON OSEGUERA,JOSE MIGUEL RAMOS MORENO,,,MARTES,10-12,AUDITORIO G,VIERNES,8-10,AUDITORIO G,MIERCOLES,8-10,"LAB. DE FISICA CLASICA, EDIFICIO C",,,
76,77,FISICA GENERAL,B-I,JUEVES/12-14/AUDITORIO EDIF. G,VIERNES/8-10/C2,"MARTES/8-10/LAB. DE FISICA CLASICA, EDIFICIO C",,ARGELIA BERNAL BAUTISTA/JOSE SOCORRO GARCIA DIAZ,ARGELIA BERNAL BAUTISTA,JOSE SOCORRO GARCIA DIAZ,,,JUEVES,12-14,AUDITORIO EDIF. G,VIERNES,8-10,C2,MARTES,8-10,"LAB. DE FISICA CLASICA, EDIFICIO C",,,
77,78,FISICA RELATIVISTA,A,MIERCOLES/10-12/F2,VIERNES/10-12/F2,,,OSCAR GERARDO LOAIZA BRITO,OSCAR GERARDO LOAIZA BRITO,,,,MIERCOLES,10-12,F2,VIERNES,10-12,F2,,,,,,
78,79,FISICA RELATIVISTA,B,LUNES/8-10/C3,MIERCOLES/8-10/F8,,,JOSE LUIS LOPEZ PICON,JOSE LUIS LOPEZ PICON,,,,LUNES,8-10,C3,MIERCOLES,8-10,F8,,,,,,
79,80,"FLUIDOS, ONDAS Y TEMPERATURA",A-II,MIERCOLES/12-14/F9,VIERNES/8-10/F9,"JUEVES/10-12/LAB. DE TERMODINAMICA,  EDIF. G",,ANA LAURA BENAVIDES OBREGON/JOSUE ADIN MINGUELA GALLARDO,ANA LAURA BENAVIDES OBREGON,JOSUE ADIN MINGUELA GALLARDO,,,MIERCOLES,12-14,F9,VIERNES,8-10,F9,JUEVES,10-12,"LAB. DE TERMODINAMICA,  EDIF. G",,,
80,81,"FLUIDOS, ONDAS Y TEMPERATURA",B-I,MARTES/11-13/F9,VIERNES/12-14/F9,"MIERCOLES/8-10/LAB. DE TERMODINAMICA, EDIF. G",,ANA LAURA BENAVIDES OBREGON/NATALIA RINCON LONDONO,ANA LAURA BENAVIDES OBREGON,NATALIA RINCON LONDONO,,,MARTES,11-13,F9,VIERNES,12-14,F9,MIERCOLES,8-10,"LAB. DE TERMODINAMICA, EDIF. G",,,
81,82,"FLUIDOS, ONDAS Y TEMPERATURA",B-III,MARTES/11-13/F9,VIERNES/12-14/F9,"LUNES/10-12/LAB. DE TERMODINAMICA, EDIF. G",,ANA LAURA BENAVIDES OBREGON/JOSE MIGUEL RAMOS MORENO,ANA LAURA BENAVIDES OBREGON,JOSE MIGUEL RAMOS MORENO,,,MARTES,11-13,F9,VIERNES,12-14,F9,LUNES,10-12,"LAB. DE TERMODINAMICA, EDIF. G",,,
82,83,"FLUIDOS, ONDAS Y TEMPERATURA",C-IV,MIERCOLES/12-14/F6,JUEVES/12-14/F6,"MARTES/12-14/LAB. DE TERMODINAMICA, EDIF. G",,ALEJANDRO GIL-VILLEGAS MONTIEL/JUAN SAMUEL SEBASTIAN DURAN GOMEZ,ALEJANDRO GIL-VILLEGAS MONTIEL,JUAN SAMUEL SEBASTIAN DURAN GOMEZ,,,MIERCOLES,12-14,F6,JUEVES,12-14,F6,MARTES,12-14,"LAB. DE TERMODINAMICA, EDIF. G",,,
83,84,"FLUIDOS, ONDAS Y TEMPERATURA",C-VI,MIERCOLES/12-14/F6,JUEVES/12-14/F6,"LUNES/8-10/LAB. DE TERMODINAMICA, EDIF. G",,ALEJANDRO GIL-VILLEGAS MONTIEL/GERARDO GUTIERREZ JUAREZ,ALEJANDRO GIL-VILLEGAS MONTIEL,GERARDO GUTIERREZ JUAREZ,,,MIERCOLES,12-14,F6,JUEVES,12-14,F6,LUNES,8-10,"LAB. DE TERMODINAMICA, EDIF. G",,,
84,85,"FLUIDOS, ONDAS Y TEMPERATURA",D-V,MARTES/12-14/F6,VIERNES/12-14/F6,"JUEVES/12-14/ LAB. DE TERMODINAMICA, EDIF. G",,NATALIA RINCON LONDONO/JUAN SAMUEL SEBASTIAN DURAN GOMEZ,NATALIA RINCON LONDONO,JUAN SAMUEL SEBASTIAN DURAN GOMEZ,,,MARTES,12-14,F6,VIERNES,12-14,F6,JUEVES,12-14,"LAB. DE TERMODINAMICA, EDIF. G",,,
85,86,"FLUIDOS, ONDAS Y TEMPERATURA",D-VI,MARTES/12-14/F6,VIERNES/12-14/F6,"LUNES/8-10/LAB. DE TERMODINAMICA, EDIF. G",,NATALIA RINCON LONDONO/PENDIENTE,NATALIA RINCON LONDONO,PENDIENTE,,,MARTES,12-14,F6,VIERNES,12-14,F6,LUNES,8-10,"LAB. DE TERMODINAMICA, EDIF. G",,,
86,87,FUNCIONES ESPECIALES,A,MARTES/8-10/F2,VIERNES/8-10/F7,,,JOSE LUIS LOPEZ PICON,JOSE LUIS LOPEZ PICON,,,,MARTES,8-10,F2,VIERNES,8-10,F7,,,,,,
87,88,FUNDAMENTOS DE PROCESAMIENTO DIGITAL DE IMAGENES,A,MARTES/17-19/ CENTRO DE COMPUTO 2,VIERNES/17-19/CENTRO DE COMPUTO 2,,,ARTURO GONZALEZ VEGA,ARTURO GONZALEZ VEGA,,,,MARTES,17-19,CENTRO DE COMPUTO 2,VIERNES,17-19,CENTRO DE COMPUTO 2,,,,,,
88,89,FUNDAMENTOS DE PROCESAMIENTO DIGITAL DE SENALES,A,MARTES/8-10/CENTRO DE COMPUTO 2,JUEVES/8-10/CENTRO DE COMPUTO 2,,,ARTURO GONZALEZ VEGA,ARTURO GONZALEZ VEGA,,,,MARTES,8-10,CENTRO DE COMPUTO 2,JUEVES,8-10,CENTRO DE COMPUTO 2,,,,,,
89,90,FUNDAMENTOS DE PROCESAMIENTO DIGITAL DE SENALES,B,LUNES/17-19/CENTRO DE COMPUTO 1,MIERCOLES/17-19/CENTRO DE COMPUTO 1,,,OSVALDO RODRIGUEZ QUIROZ,OSVALDO RODRIGUEZ QUIROZ,,,,LUNES,17-19,CENTRO DE COMPUTO 1,MIERCOLES,17-19,CENTRO DE COMPUTO 1,,,,,,
90,91,FUNDAMENTOS FILOSOFICO-EPISTEMOLOGICOS,A,VIERNES/15-18/G1,,,,JOSE GUSTAVO SAMANO DAVILA,JOSE GUSTAVO SAMANO DAVILA,,,,VIERNES,15-18,G1,,,,,,,,,
91,92,GEOMETRIA AVANZADA,A,MARTES/15-17/SALA DE JUNTAS EDIF. B,JUEVES/15-17/ SALA DE JUNTAS EDIF. B,,,VICTOR ALFONSO VICENTE BENITEZ,VICTOR ALFONSO VICENTE BENITEZ,,,,MARTES,15-17,SALA DE JUNTAS EDIF. B,JUEVES,15-17,SALA DE JUNTAS EDIF. B,,,,,,
92,93,HERRAMIENTAS INFORMATICAS Y GESTION DE LA INFORMACION,A,LUNES/12-15/ CENTRO DE COMPUTO 1,,,,EDUARDO PEREZ CARETA,EDUARDO PEREZ CARETA,,,,LUNES,12-15,CENTRO DE COMPUTO 1,,,,,,,,,
93,94,HERRAMIENTAS INFORMATICAS Y GESTION DE LA INFORMACION,B,LUNES/8-11/ CENTRO DE COMPUTO 2,,,,ANABEL RODRIGUEZ RODRIGUEZ,ANABEL RODRIGUEZ RODRIGUEZ,,,,LUNES,8-11,CENTRO DE COMPUTO 2,,,,,,,,,
94,95,INGENIERIA AMBIENTAL DE LA ATMOSFERA,A,LUNES/17-19/F2,MIERCOLES/17-19/F2,,,EDGAR VAZQUEZ NUNEZ,EDGAR VAZQUEZ NUNEZ,,,,LUNES,17-19,F2,MIERCOLES,17-19,F2,,,,,,
95,96,INGENIERIA CLINICA,A,"LUNES/17-19/LAB. DE REHABILITACION E INNOVACION HOSPITALARIA, EDIF. F","MIERCOLES/17-19/LAB. DE REHABILITACION E INNOVACION HOSPITALARIA, EDIF. F","VIERNES/17-19/LAB. DE REHABILITACION E INNOVACION HOSPITALARIA, EDIF. F",,EDGAR GONZALEZ CAMPOS,EDGAR GONZALEZ CAMPOS,,,,LUNES,17-19,"LAB. DE REHABILITACION E INNOVACION HOSPITALARIA, EDIF. F",MIERCOLES,17-19,"LAB. DE REHABILITACION E INNOVACION HOSPITALARIA, EDIF. F",VIERNES,17-19,"LAB. DE REHABILITACION E INNOVACION HOSPITALARIA, EDIF. F",,,
96,97,INGENIERIA DE CALOR,A,LUNES/17-19/F1,MIERCOLES/17-19/F1,,,JULIO CESAR ARMAS PEREZ,JULIO CESAR ARMAS PEREZ,,,,LUNES,17-19,F1,MIERCOLES,17-19,F1,,,,,,
97,98,INGENIERIA DE CONTROL,A,MIERCOLES/12-14/LAB. DE ELECTRONICA EDIF. G,VIERNES/8-12/LAB. DE ELECTRONICA EDIF. G,,,EDUARDO MONTES RAMIREZ,EDUARDO MONTES RAMIREZ,,,,MIERCOLES,12-14,LAB. DE ELECTRONICA EDIF. G,VIERNES,8-12,LAB. DE ELECTRONICA EDIF. G,,,,,,
98,99,INGENIERIA DE CONTROL DE PROCESOS,A,MARTES/10-12/C3,VIERNES/10-12/C3,,,CHRISTIAN FELIPE RODRIGUEZ ROBLES,CHRISTIAN FELIPE RODRIGUEZ ROBLES,,,,MARTES,10-12,C3,VIERNES,10-12,C3,,,,,,
99,100,INGENIERIA DE FLUIDOS,A,LUNES/10-12/F9,MIERCOLES/12-14/C3,,,JOSE FERNANDO HERNANDEZ RODRIGUEZ,JOSE FERNANDO HERNANDEZ RODRIGUEZ,,,,LUNES,10-12,F9,MIERCOLES,12-14,C3,,,,,,
100,101,INGENIERIA DE PROYECTOS,A,LUNES/15-17/CENTRO DE COMPUTO 2,MIERCOLES/15-18/CENTRO DE COMPUTO 2,,,CARLOS EDUARDO MOLINA GUERRERO,CARLOS EDUARDO MOLINA GUERRERO,,,,LUNES,15-17,CENTRO DE COMPUTO 2,MIERCOLES,15-18,CENTRO DE COMPUTO 2,,,,,,
101,102,INGENIERIA DE REACTORES HETEROGENEOS,A,MARTES/15-17/F9,JUEVES/15-17/F9,,,IRAIS AMARANTA QUINTERO ORTEGA,IRAIS AMARANTA QUINTERO ORTEGA,,,,MARTES,15-17,F9,JUEVES,15-17,F9,,,,,,
102,103,INGENIERIA DE REACTORES HOMOGENEOS,A,LUNES/8-10/F2,JUEVES/8-10/F5,,,JOSE DE JESUS IBARRA SANCHEZ,JOSE DE JESUS IBARRA SANCHEZ,,,,LUNES,8-10,F2,JUEVES,8-10,F5,,,,,,
103,104,INGENIERIA ECONOMICA,A,VIERNES/12-15/ C2,,,,JUAN FRANCISCO RAYAS ROJAS,JUAN FRANCISCO RAYAS ROJAS,,,,VIERNES,12-15,C2,,,,,,,,,
104,105,INGENIERIA EN REHABILITACION,A,"MARTES/14-17/LAB. DE REHABILITACION E INNOVACION HOSPITALARIA, EDIF. F","JUEVES/14-17/LAB. DE REHABILITACION E INNOVACION HOSPITALARIA, EDIF. F",,,ARTURO VEGA GONZALEZ,ARTURO VEGA GONZALEZ,,,,MARTES,14-17,"LAB. DE REHABILITACION E INNOVACION HOSPITALARIA, EDIF. F",JUEVES,14-17,"LAB. DE REHABILITACION E INNOVACION HOSPITALARIA, EDIF. F",,,,,,
105,106,INGLES I,A,LUNES/14-15:30/ AUDITORIO DEL EDIF. G,MIERCOLES/14-15:30/ F7,,,DENIA NAVARRO VILLAFANA,DENIA NAVARRO VILLAFANA,,,,LUNES,14-15:30,AUDITORIO DEL EDIF. G,MIERCOLES,14-15:30,F7,,,,,,
106,107,INGLES I,B,MARTES/16-19/C2,,,,PENDIENTE,PENDIENTE,,,,MARTES,16-19,C2,,,,,,,,,
107,108,INGLES II,A,VIERNES/16-19/F1,,,,PENDIENTE,PENDIENTE,,,,VIERNES,16-19,F1,,,,,,,,,
108,109,INSTRUMENTACION MEDICA,A,MIERCOLES/14-17/LAB. DE ELECTRONICA EDIF. G,VIERNES/12-15/LAB. DE ELECTRONICA EDIF. G,,,SOLANGE IVETTE RIVERA MANRIQUE,SOLANGE IVETTE RIVERA MANRIQUE,,,,MIERCOLES,14-17,LAB. DE ELECTRONICA EDIF. G,VIERNES,12-15,LAB. DE ELECTRONICA EDIF. G,,,,,,
109,110,INTRODUCCION A LA METODOLOGIA DE LA INVESTIGACION,A,MIERCOLES/16-19/F7,,,,JOHAN MANUEL ZUNIGA COLLAZOS,JOHAN MANUEL ZUNIGA COLLAZOS,,,,MIERCOLES,16-19,F7,,,,,,,,,
110,111,INVESTIGACION DE OPERACIONES,A,MARTES/12-14/C2,VIERNES/12-14/F5,,,HUETZIN AARON PEREZ OLIVAS,HUETZIN AARON PEREZ OLIVAS,,,,MARTES,12-14,C2,VIERNES,12-14,F5,,,,,,
111,112,LABORATORIO DE ASTRONOMIA,A,LUNES/16-20/AUDITORIO DEL EDIFICIO B,,,,KLAUS-PETER SCHRODER/JUAN PABLO TORRES PAPAQUI,KLAUS-PETER SCHRODER,JUAN PABLO TORRES PAPAQUI,,,LUNES,16-20,AUDITORIO DEL EDIFICIO B,,,,,,,,,
112,113,LABORATORIO DE FENOMENOS DE TRANSPORTE,A,JUEVES/12-16/LAB. DE IQS EDIF. G,,,,PENDIENTE,PENDIENTE,,,,JUEVES,12-16,LAB. DE IQS EDIF. G,,,,,,,,,
113,114,LABORATORIO DE FENOMENOS DE TRANSPORTE,B,VIERNES/12-16/LAB. DE IQS EDIF. G,,,,CHRISTIAN FELIPE RODRIGUEZ ROBLES,CHRISTIAN FELIPE RODRIGUEZ ROBLES,,,,VIERNES,12-16,LAB. DE IQS EDIF. G,,,,,,,,,
114,115,LABORATORIO DE PROCESOS DE SEPARACION,A,MIERCOLES/12-16/LAB. DE IQS EDIF. G,,,,JOSE DE JESUS IBARRA SANCHEZ,JOSE DE JESUS IBARRA SANCHEZ,,,,MIERCOLES,12-16,LAB. DE IQS EDIF. G,,,,,,,,,
115,116,LABORATORIO DE PROCESOS DE SEPARACION,B,LUNES/8-12/LAB. DE IQS,,,,PATRICIA MARIA OLMOS MOYA,PATRICIA MARIA OLMOS MOYA,,,,LUNES,8-12,LAB. DE IQS,,,,,,,,,
116,117,LABORATORIO DE REACTORES,A,MARTES/12-15/LAB. DE IQS EDIF. G,,,,IRAIS AMARANTA QUINTERO ORTEGA,IRAIS AMARANTA QUINTERO ORTEGA,,,,MARTES,12-15,LAB. DE IQS EDIF. G,,,,,,,,,
117,118,LABORATORIO DE SIMULACION DE PROCESOS,A,MIERCOLES/10-12/CENTRO DE COMPUTO 2,SABADO/12-13/ CENTRO DE COMPUTO 2,,,JOSE DE JESUS IBARRA SANCHEZ,JOSE DE JESUS IBARRA SANCHEZ,,,,MIERCOLES,10-12,CENTRO DE COMPUTO 2,SABADO,12-13,CENTRO DE COMPUTO 2,,,,,,
118,119,MATEMATICAS SUPERIORES,A,LUNES/12-14/AUDITORIO G,JUEVES/10-12/AUDITORIO G,VIERNES/12-14/AUDITORIO G,,OWEN PAVEL FERNANDEZ PIEDRA,OWEN PAVEL FERNANDEZ PIEDRA,,,,LUNES,12-14,AUDITORIO G,JUEVES,10-12,AUDITORIO G,VIERNES,12-14,AUDITORIO G,,,
119,120,MATEMATICAS SUPERIORES,B,LUNES/8-10/ F1,MARTES/8-10/F5,JUEVES/8-10/F2,,MA. ISABEL DELGADILLO CANO,MA. ISABEL DELGADILLO CANO,,,,LUNES,8-10,F1,MARTES,8-10,F5,JUEVES,8-10,F2,,,
120,121,MECANICA ANALITICA,A,LUNES/12-14/G1,MIERCOLES/12-14/F8,,,MARCO ANTONIO REYES SANTOS,MARCO ANTONIO REYES SANTOS,,,,LUNES,12-14,G1,MIERCOLES,12-14,F8,,,,,,
121,122,MECANICA CLASICA,A-I,MIERCOLES/8-10/ G1,VIERNES/8-10/G1,"VIERNES/12-14/LAB. DE FISICA CLASICA, EDIFICIO C",,JOSE DE JESUS BERNAL ALVARADO/JOSE ALFREDO SOTO ALVAREZ,JOSE DE JESUS BERNAL ALVARADO,JOSE ALFREDO SOTO ALVAREZ,,,MIERCOLES,8-10,G1,VIERNES,8-10,G1,VIERNES,12-14,"LAB. DE FISICA CLASICA, EDIFICIO C",,,
122,123,MECANICA CLASICA,A-VI,MIERCOLES/8-10/ G1,VIERNES/8-10/G1,"JUEVES/8-10/LAB. DE FISICA CLASICA, EDIFICIO C",,JOSE DE JESUS BERNAL ALVARADO/JOSE SOCORRO GARCIA DIAZ,JOSE DE JESUS BERNAL ALVARADO,JOSE SOCORRO GARCIA DIAZ,,,MIERCOLES,8-10,G1,VIERNES,8-10,G1,JUEVES,8-10,"LAB. DE FISICA CLASICA, EDIFICIO C",,,
123,124,MECANICA CLASICA,B-II,MARTES/12-14/F2,JUEVES/12-14/F2,"MIERCOLES/12-14/LAB. DE FISICA CLASICA, EDIFICIO C",,JULIAN MEJIA MORALES/ EDGAR VALENCIA RODRIGUEZ,JULIAN MEJIA MORALES,EDGAR VALENCIA RODRIGUEZ,,,MARTES,12-14,F2,JUEVES,12-14,F2,MIERCOLES,12-14,"LAB. DE FISICA CLASICA, EDIFICIO C",,,
124,125,MECANICA CLASICA,C-IV,MIERCOLES/10-12/F9,VIERNES/10-12/F1,"VIERNES/8-10/LAB. DE FISICA CLASICA, EDIFICIO C",,PENDIENTE/EDGAR VALENCIA RODRIGUEZ,PENDIENTE,EDGAR VALENCIA RODRIGUEZ,,,MIERCOLES,10-12,F9,VIERNES,10-12,F1,VIERNES,8-10,"LAB. DE FISICA CLASICA, EDIFICIO C",,,
125,126,MECANICA CLASICA,D-III,MARTES/12-14/F7,VIERNES/8-10/F6,"VIERNES/10-12/LAB. DE FISICA CLASICA, EDIFICIO C",,PABLO REYES HERNANDEZ/JOSE SOCORRO GARCIA DIAZ,PABLO REYES HERNANDEZ,JOSE SOCORRO GARCIA DIAZ,,,MARTES,12-14,F7,VIERNES,8-10,F6,VIERNES,10-12,"LAB. DE FISICA CLASICA, EDIFICIO C",,,
126,127,MECANICA CLASICA,E-V,MARTES/17-19/G1,JUEVES/17-19/G1,"MARTES/10-12/LAB. DE FISICA CLASICA, EDIFICIO C",,GEMMA ELIZABETH PEREZ CUELLAR/NATALIA RINCON LONDONO,GEMMA ELIZABETH PEREZ CUELLAR,NATALIA RINCON LONDONO,,,MARTES,17-19,G1,JUEVES,17-19,G1,MARTES,10-12,"LAB. DE FISICA CLASICA, EDIFICIO C",,,
127,128,MECANICA CUANTICA,A,LUNES/8-10/F6,MIERCOLES/8-10/F6,,,OSCAR GERARDO LOAIZA BRITO,OSCAR GERARDO LOAIZA BRITO,,,,LUNES,8-10,F6,MIERCOLES,8-10,F6,,,,,,
128,129,MECANICA CUANTICA,B,MARTES/10-12/G1,JUEVES/10-12/F9,,,JOSE LUIS LUCIO MARTINEZ,JOSE LUIS LUCIO MARTINEZ,,,,MARTES,10-12,G1,JUEVES,10-12,F9,,,,,,
129,130,MECANICA CUANTICA RELATIVISTA,A,LUNES/10-12/SALA DE JUNTAS EDIF. A,JUEVES/8-10/SALA DE JUNTAS  EDIF. A,,,DAVID YVES GHISLAIN DELEPINE,DAVID YVES GHISLAIN DELEPINE,,,,LUNES,10-12,SALA DE JUNTAS EDIF. A,JUEVES,8-10,SALA DE JUNTAS  EDIF. A,,,,,,
130,131,MECANICA DE MEDIOS CONTINUOS,A-I,LUNES/8-10/F5,MIERCOLES/8-10/F1,"MARTES/10-12/LAB. DE TERMODINAMICA, EDIF G",,MANUEL MARTINEZ JIMENEZ/MIGUEL ANGEL SANDOVAL PUENTES,MANUEL MARTINEZ JIMENEZ,MIGUEL ANGEL SANDOVAL PUENTES,,,LUNES,8-10,F5,MIERCOLES,8-10,F1,MARTES,10-12,"LAB. DE TERMODINAMICA, EDIF G",,,
131,132,MECANICA DE MEDIOS CONTINUOS,A-II,LUNES/8-10/F5,MIERCOLES/8-10/F1,"MIERCOLES/10-12/LAB. DE TERMODINAMICA, EDIF. G",,MANUEL MARTINEZ JIMENEZ/MIGUEL ANGEL SANDOVAL PUENTES,MANUEL MARTINEZ JIMENEZ,MIGUEL ANGEL SANDOVAL PUENTES,,,LUNES,8-10,F5,MIERCOLES,8-10,F1,MIERCOLES,10-12,"LAB. DE TERMODINAMICA, EDIF. G",,,
132,133,MECANICA ESTADISTICA,A,LUNES/8-10/F7,MIERCOLES/8-10/F7,,,RAMON CASTANEDA PRIEGO,RAMON CASTANEDA PRIEGO,,,,LUNES,8-10,F7,MIERCOLES,8-10,F7,,,,,,
133,134,MECANICA ESTADISTICA,B,LUNES/10-12/F6,JUEVES/8-10/F6,,,ERICK SARMIENTO GOMEZ,ERICK SARMIENTO GOMEZ,,,,LUNES,10-12,F6,JUEVES,8-10,F6,,,,,,
134,135,MEDICION E INSTRUMENTACION,A,LUNES/8-12/LAB. DE ELECTRONICA EDIF. G,MIERCOLES/10-12/ LAB. DE ELECTRONICA EDIF. G,,,EDUARDO MONTES RAMIREZ,EDUARDO MONTES RAMIREZ,,,,LUNES,8-12,LAB. DE ELECTRONICA EDIF. G,MIERCOLES,10-12,LAB. DE ELECTRONICA EDIF. G,,,,,,
135,136,METODOS NUMERICOS,A,MARTES/10-12/CENTRO DE COMPUTO 1,MIERCOLES/10-12/CENTRO DE COMPUTO 1,VIERNES/10-12/ CENTRO DE COMPUTO 1,,KARLA ADRIANA ALAMO MARTINEZ,KARLA ADRIANA ALAMO MARTINEZ,,,,MARTES,10-12,CENTRO DE COMPUTO 1,MIERCOLES,10-12,CENTRO DE COMPUTO 1,VIERNES,10-12,CENTRO DE COMPUTO 1,,,
136,137,METODOS NUMERICOS,B,MARTES/15-17/CENTRO DE COMPUTO 2,JUEVES/15-17/CENTRO DE COMPUTO 2,VIERNES/15-17/CENTRO DE COMPUTO 2,,GUSTAVO GUTIERREZ CANO,GUSTAVO GUTIERREZ CANO,,,,MARTES,15-17,CENTRO DE COMPUTO 2,JUEVES,15-17,CENTRO DE COMPUTO 2,VIERNES,15-17,CENTRO DE COMPUTO 2,,,
137,138,METODOS NUMERICOS,C,LUNES/15-17/ CENTRO DE COMPUTO 1,MIERCOLES/15-17/CENTRO DE COMPUTO 1,VIERNES/15-17/CENTRO DE COMPUTO 1,,HAYDEE HERNANDEZ ARELLANO,HAYDEE HERNANDEZ ARELLANO,,,,LUNES,15-17,CENTRO DE COMPUTO 1,MIERCOLES,15-17,CENTRO DE COMPUTO 1,VIERNES,15-17,CENTRO DE COMPUTO 1,,,
138,139,MODELO ESTANDAR DE LAS PARTICULAS FUNDAMENTALES,A,MARTES/17-19/C3,JUEVES/17-19/C3,,,MAURO NAPSUCIALE MENDIVIL,MAURO NAPSUCIALE MENDIVIL,,,,MARTES,17-19,C3,JUEVES,17-19,C3,,,,,,
139,140,OPTICA,A-I,LUNES/15-17/F9,MIERCOLES/15-17/F9,"JUEVES/10-12/LAB. DE FISICA MODERNA, EDIF. G",,RIGOBERTO CASTRO BELTRAN,RIGOBERTO CASTRO BELTRAN,,,,LUNES,15-17,F9,MIERCOLES,15-17,F9,JUEVES,10-12,"LAB. DE FISICA MODERNA, EDIF. G",,,
140,141,OPTICA,A-II,LUNES/15-17/F9,MIERCOLES/15-17/F9,"VIERNES /10-12/LAB. DE FISICA MODERNA, EDIF. G",,RIGOBERTO CASTRO BELTRAN,RIGOBERTO CASTRO BELTRAN,,,,LUNES,15-17,F9,MIERCOLES,15-17,F9,VIERNES,10-12,"LAB. DE FISICA MODERNA, EDIF. G",,,
141,142,OPTICA CUANTICA,A,MARTES/15-17/C3,JUEVES/15-17/C3,,,CARLOS HERMAN WIECHERS MEDINA,CARLOS HERMAN WIECHERS MEDINA,,,,MARTES,15-17,C3,JUEVES,15-17,C3,,,,,,
142,143,PROBABILIDAD Y ESTADISTICA,A,MARTES/8-10/AUDITORIO G,JUEVES/8-10/AUDITORIO G,,,PENDIENTE,PENDIENTE,,,,MARTES,8-10,AUDITORIO G,JUEVES,8-10,AUDITORIO G,,,,,,
143,144,PROBABILIDAD Y ESTADISTICA,B,MIERCOLES/10-12/F6,VIERNES/10-12/F6,,,MARIA GUADALUPE LEON VERDIN,MARIA GUADALUPE LEON VERDIN,,,,MIERCOLES,10-12,F6,VIERNES,10-12,F6,,,,,,
144,145,PROBABILIDAD Y ESTADISTICA,C,MARTES/8-10/F9,VIERNES/8-10/F8,,,VICTOR ALFONSO VICENTE BENITEZ,VICTOR ALFONSO VICENTE BENITEZ,,,,MARTES,8-10,F9,VIERNES,8-10,F8,,,,,,
145,146,PROBABILIDAD Y ESTADISTICA,D,LUNES/12-14/F6,MIERCOLES/12-14/C2,,,MARIA GUADALUPE LEON VERDIN,MARIA GUADALUPE LEON VERDIN,,,,LUNES,12-14,F6,MIERCOLES,12-14,C2,,,,,,
146,147,PROBLEMAS SOCIALES Y DEBATES CONTEMPORANEOS,A,MARTES/16-19/ AUDITORIO EDIF. G,,,,FERNANDO AGUAS ANGEL,FERNANDO AGUAS ANGEL,,,,MARTES,16-19,AUDITORIO EDIF. G,,,,,,,,,
147,148,PROCESAMIENTO DIGITAL DE IMAGENES MEDICAS,A,MARTES/17-19/CENTRO DE COMPUTO 1,JUEVES/17-19/CENTRO DE COMPUTO 1,VIERNES/17-19/CENTRO DE COMPUTO 1,,GONZALO PAEZ PADILLA,GONZALO PAEZ PADILLA,,,,MARTES,17-19,CENTRO DE COMPUTO 1,JUEVES,17-19,CENTRO DE COMPUTO 1,VIERNES,17-19,CENTRO DE COMPUTO 1,,,
148,149,PROCESOS DE SEPARACION,A,MARTES/10-12/CENTRO DE COMPUTO 2,JUEVES/10-12/ CENTRO DE COMPUTO 2,,,PATRICIA MARIA OLMOS MOYA,PATRICIA MARIA OLMOS MOYA,,,,MARTES,10-12,CENTRO DE COMPUTO 2,JUEVES,10-12,CENTRO DE COMPUTO 2,,,,,,
149,150,PROGRAMACION BASICA,A,LUNES/8-10/CENTRO DE COMPUTO 1,MIERCOLES/8-10/CENTRO DE COMPUTO 1,,,ARTURO VEGA GONZALEZ,ARTURO VEGA GONZALEZ,,,,LUNES,8-10,CENTRO DE COMPUTO 1,MIERCOLES,8-10,CENTRO DE COMPUTO 1,,,,,,
150,151,PROGRAMACION BASICA,B,MARTES/12-14/CENTRO DE COMPUTO 1,JUEVES/12-14/CENTRO DE COMPUTO 1,,,LUIS CARLOS PADIERNA GARCIA,LUIS CARLOS PADIERNA GARCIA,,,,MARTES,12-14,CENTRO DE COMPUTO 1,JUEVES,12-14,CENTRO DE COMPUTO 1,,,,,,
151,152,PROGRAMACION BASICA,C,LUNES/12-14/ CENTRO DE COMPUTO 2,VIERNES/12-14/CENTRO DE COMPUTO 2,,,ORLANDO MIGUEL MEDINA CAZARES,ORLANDO MIGUEL MEDINA CAZARES,,,,LUNES,12-14,CENTRO DE COMPUTO 2,VIERNES,12-14,CENTRO DE COMPUTO 2,,,,,,
152,153,PROGRAMACION ORIENTADA A OBJETOS Y EVENTOS,A,MARTES/12-14/CENTRO DE COMPUTO 2,MIERCOLES/12-14/ CENTRO DE COMPUTO 2,JUEVES/12-14/CENTRO DE COMPUTO 2,,JOSE REYES JUAREZ,JOSE REYES JUAREZ,,,,MARTES,12-14,CENTRO DE COMPUTO 2,MIERCOLES,12-14,CENTRO DE COMPUTO 2,JUEVES,12-14,CENTRO DE COMPUTO 2,,,
153,154,PROGRAMACION ORIENTADA A OBJETOS Y EVENTOS,B,LUNES/10-12/CENTRO DE COMPUTO 1,MARTES/15-17/CENTRO DE COMPUTO 1,JUEVES/15-17/CENTRO DE COMPUTO 1,,ANGELICA HERNANDEZ RAYAS,ANGELICA HERNANDEZ RAYAS,,,,LUNES,10-12,CENTRO DE COMPUTO 1,MARTES,15-17,CENTRO DE COMPUTO 1,JUEVES,15-17,CENTRO DE COMPUTO 1,,,
154,155,PROGRAMACION ORIENTADA A OBJETOS Y EVENTOS,C,MARTES/8-10/CENTRO DE COMPUTO 1,JUEVES/8-10/CENTRO DE COMPUTO 1,VIERNES/8-10/CENTRO DE COMPUTO 1,,IGNACIO RAUL ROSAS ROMAN,IGNACIO RAUL ROSAS ROMAN,,,,MARTES,8-10,CENTRO DE COMPUTO 1,JUEVES,8-10,CENTRO DE COMPUTO 1,VIERNES,8-10,CENTRO DE COMPUTO 1,,,
155,156,PROGRAMACION ORIENTADA A OBJETOS Y EVENTOS,D,MIERCOLES/12-14/CENTRO DE COMPUTO 1,JUEVES/10-12/CENTRO DE COMPUTO 1,VIERNES/10-12/CENTRO DE COMPUTO 2,,LUIS CARLOS PADIERNA GARCIA,LUIS CARLOS PADIERNA GARCIA,,,,MIERCOLES,12-14,CENTRO DE COMPUTO 1,JUEVES,10-12,CENTRO DE COMPUTO 1,VIERNES,10-12,CENTRO DE COMPUTO 2,,,
156,157,PROPIEDADES FISICOQUIMICAS,A-I,MARTES/12-14/F8,JUEVES/12-14/C3,VIERNES/12-14/LAB DE QUIMICA EDIF. G,,LUIS GERARDO FRAUSTO TORRES,LUIS GERARDO FRAUSTO TORRES,,,,MARTES,12-14,F8,JUEVES,12-14,C3,VIERNES,12-14,LAB DE QUIMICA EDIF. G,,,
157,158,QUIMICA ANALITICA,A-I,MIERCOLES/10-11/F8,VIERNES/10-12/G1,MARTES/10-13/LAB. DE QUIMICA EDIF. F,,SVETLANA KASHINA,SVETLANA KASHINA,,,,MIERCOLES,10-11,F8,VIERNES,10-12,G1,MARTES,10-13,LAB. DE QUIMICA EDIF. F,,,
158,159,QUIMICA GENERAL,A-I,MARTES/15-16/F1,JUEVES/15-17/F1,LUNES/8-11/LAB. DE QUIMICA EDIF. G,,JOSE JORGE DELGADO GARCIA/LAURA EDITH CASTELLANO TORRES,JOSE JORGE DELGADO GARCIA,LAURA EDITH CASTELLANO TORRES,,,MARTES,15-16,F1,JUEVES,15-17,F1,LUNES,8-11,LAB. DE QUIMICA EDIF. G,,,
159,160,QUIMICA GENERAL,B-IV,LUNES/10-12/ AUDITORIO EDIF.  G,VIERNES/11-12/AUDITORIO DEL EDIF. B,MARTES/11-14/LAB. DE QUIMICA EDIF. G,,ANDREA CEJA FERNANDEZ/ MA. CONCEPCION GARCIA CASTANEDA,ANDREA CEJA FERNANDEZ,MA. CONCEPCION GARCIA CASTANEDA,,,LUNES,10-12,AUDITORIO EDIF.  G,VIERNES,11-12,AUDITORIO DEL EDIF. B,MARTES,11-14,LAB. DE QUIMICA EDIF. G,,,
160,161,QUIMICA GENERAL,C-II,MIERCOLES/11-12/AUDITORIO G,VIERNES/10-12/AUDITORIO G,MIERCOLES/8-11/LAB. DE QUIMICA EDIF. G,,MA. CONCEPCION GARCIA CASTANEDA/EDGAR VAZQUEZ NUNEZ,MA. CONCEPCION GARCIA CASTANEDA,EDGAR VAZQUEZ NUNEZ,,,MIERCOLES,11-12,AUDITORIO G,VIERNES,10-12,AUDITORIO G,MIERCOLES,8-11,LAB. DE QUIMICA EDIF. G,,,
161,162,QUIMICA GENERAL,C-III,MIERCOLES/11-12/AUDITORIO G,VIERNES/10-12/AUDITORIO G,MIERCOLES/12-15/LAB. DE QUIMICA EDIF. G,,MA. CONCEPCION GARCIA CASTANEDA/SUSANA FIGUEROA GERSTENMAIER,MA. CONCEPCION GARCIA CASTANEDA,SUSANA FIGUEROA GERSTENMAIER,,,MIERCOLES,11-12,AUDITORIO G,VIERNES,10-12,AUDITORIO G,MIERCOLES,12-15,LAB. DE QUIMICA EDIF. G,,,
162,163,QUIMICA INORGANICA DESCRIPTIVA,A-I,JUEVES/9-10/ G1,VIERNES/8-10/F1,JUEVES/12-15/LAB. DE QUIMICA EDIF. G,,JOSE ANTONIO REYES AGUILERA,JOSE ANTONIO REYES AGUILERA,,,,JUEVES,9-10,G1,VIERNES,8-10,F1,JUEVES,12-15,LAB. DE QUIMICA EDIF. G,,,
163,164,QUIMICA INORGANICA DESCRIPTIVA,B-II,LUNES/10-11/C3,MARTES/10-12/F8,LUNES/11-14/LAB. DE QUIMICA EDIF. G,,MARIA DE LOS ANGELES MENDOZA,MARIA DE LOS ANGELES MENDOZA,,,,LUNES,10-11,C3,MARTES,10-12,F8,LUNES,11-14,LAB. DE QUIMICA EDIF. G,,,
164,165,QUIMICA ORGANICA AVANZADA,A-I,LUNES/12-14/F7,MARTES/13-14/F9,JUEVES/8-11/LAB. DE QUIMICA EDIF. F,,JOSE JORGE DELGADO GARCIA,JOSE JORGE DELGADO GARCIA,,,,LUNES,12-14,F7,MARTES,13-14,F9,JUEVES,8-11,LAB. DE QUIMICA EDIF. F,,,
165,166,QUIMICA ORGANICA AVANZADA,A-II,LUNES/12-14/F7,MARTES/13-14/F9,MIERCOLES/12-15/LAB. DE QUIMICA EDIF. F,,JOSE JORGE DELGADO GARCIA,JOSE JORGE DELGADO GARCIA,,,,LUNES,12-14,F7,MARTES,13-14,F9,MIERCOLES,12-15,LAB. DE QUIMICA EDIF. F,,,
166,167,QUIMICA ORGANICA BASICA,A-I,MARTES/8-10/G1,JUEVES/8-9/G1,LUNES/8-11/LAB. DE QUIMICA EDIF. F,,CHRISTIAN GOMEZ SOLIS/ ANA LILIA GONZALEZ YEBRA,CHRISTIAN GOMEZ SOLIS,ANA LILIA GONZALEZ YEBRA,,,MARTES,8-10,G1,JUEVES,8-9,G1,LUNES,8-11,LAB. DE QUIMICA EDIF. F,,,
167,168,QUIMICA ORGANICA BASICA,A-III,MARTES/8-10/G1,JUEVES/8-9/G1,VIERNES/8-11/LAB. DE QUIMICA EDIF. F,,CHRISTIAN GOMEZ SOLIS/ESTHELA PAOLA GARCIA TEJADA,CHRISTIAN GOMEZ SOLIS,ESTHELA PAOLA GARCIA TEJADA,,,MARTES,8-10,G1,JUEVES,8-9,G1,VIERNES,8-11,LAB. DE QUIMICA EDIF. F,,,
168,169,QUIMICA ORGANICA BASICA,A-V,MARTES/8-10/G1,JUEVES/8-9/G1,MARTES/13-16/LAB. DE QUIMICA EDIF. F,,CHRISTIAN GOMEZ SOLIS/ANA LILIA GONZALEZ YEBRA,CHRISTIAN GOMEZ SOLIS,ANA LILIA GONZALEZ YEBRA,,,MARTES,8-10,G1,JUEVES,8-9,G1,MARTES,13-16,LAB. DE QUIMICA EDIF. F,,,
169,170,QUIMICA ORGANICA BASICA,B-V,MIERCOLES/10-12/F7,VIERNES/10-11/F7,MARTES/13-16/LAB. DE QUIMICA EDIF. F,,BIRZABITH MENDOZA NOVELO/ANA LILIA GONZALEZ YEBRA,BIRZABITH MENDOZA NOVELO,ANA LILIA GONZALEZ YEBRA,,,MIERCOLES,10-12,F7,VIERNES,10-11,F7,MARTES,13-16,LAB. DE QUIMICA EDIF. F,,,
170,171,QUIMICA ORGANICA BASICA,B-VI,MIERCOLES/10-12/F7,VIERNES/10-11/F7,VIERNES/12-15/LAB. DE QUIMICA EDIF. F,,BIRZABITH MENDOZA NOVELO/MARIA ARACELI RUIZ AVALOS,BIRZABITH MENDOZA NOVELO,MARIA ARACELI RUIZ AVALOS,,,MIERCOLES,10-12,F7,VIERNES,10-11,F7,VIERNES,12-15,LAB. DE QUIMICA EDIF. F,,,
171,172,QUIMICA ORGANICA BASICA,C-II,MIERCOLES/11-12/F8,VIERNES/12-14/F8,MIERCOLES/8-11/LAB. DE QUIMICA EDIF. F,,MARIA DE LOS ANGELES MENDOZA/ANDREA CEJA FERNANDEZ,MARIA DE LOS ANGELES MENDOZA,ANDREA CEJA FERNANDEZ,,,MIERCOLES,11-12,F8,VIERNES,12-14,F8,MIERCOLES,8-11,LAB. DE QUIMICA EDIF. F,,,
172,173,QUIMICA ORGANICA BASICA,C-IV,MIERCOLES/11-12/F8,VIERNES/12-14/F8,LUNES/12-15/LAB. DE QUIMICA EDIF. F,,MARIA DE LOS ANGELES MENDOZA/FRANCISCO JAVIER OSORIO PUENTES,MARIA DE LOS ANGELES MENDOZA,FRANCISCO JAVIER OSORIO PUENTES,,,MIERCOLES,11-12,F8,VIERNES,12-14,F8,LUNES,12-15,LAB. DE QUIMICA EDIF. F,,,
173,174,RADIOLOGIA,A,LUNES/17-19/F5,MIERCOLES/17-19/F5,JUEVES/17-19/C2,,MANUEL IVAN LEON MADRID,MANUEL IVAN LEON MADRID,,,,LUNES,17-19,F5,MIERCOLES,17-19,F5,JUEVES,17-19,C2,,,
174,175,SEGURIDAD E HIGIENE LABORAL,A,JUEVES/15-18/AUDITORIO DE EDIF. G,,,,EDGAR VAZQUEZ NUNEZ,EDGAR VAZQUEZ NUNEZ,,,,JUEVES,15-18,AUDITORIO DE EDIF. G,,,,,,,,,
175,176,SIMULACION MOLECULAR Y QUIMICA COMPUTACIONAL,A,PENDIENTE,,,,LEONARDO ALVAREZ VALTIERRA/SUSANA FIGUEROA GERSTENMAIER/JULIO CESAR ARMAS PEREZ,LEONARDO ALVAREZ VALTIERRA,SUSANA FIGUEROA GERSTENMAIER,JULIO CESAR ARMAS PEREZ,,,,PENDIENTE,,,,,,,,,
176,177,SINTESIS DE POLIMEROS,A,MIERCOLES/17-19/F8,"JUEVES/17-19/LAB. DE QUIMICA, EDIF. F",,,BIRZABITH MENDOZA NOVELO/,BIRZABITH MENDOZA NOVELO,,,,MIERCOLES,17-19,F8,JUEVES,17-19,"LAB. DE QUIMICA, EDIF. F",,,,,,
177,178,SISTEMAS LINEALES,A,MARTES/10-12/F5,VIERNES/10-12/F9,,,HUETZIN AARON PEREZ OLIVAS,HUETZIN AARON PEREZ OLIVAS,,,,MARTES,10-12,F5,VIERNES,10-12,F9,,,,,,
178,179,SISTEMAS LINEALES,B,MARTES/12-14/G1,JUEVES/12-14/F9,,,ARTURO GONZALEZ VEGA,ARTURO GONZALEZ VEGA,,,,MARTES,12-14,G1,JUEVES,12-14,F9,,,,,,
179,180,SISTEMAS LINEALES,C,MARTES/17-19/F6,JUEVES/17-19/F6,,,EDUARDO MONTES RAMIREZ,EDUARDO MONTES RAMIREZ,,,,MARTES,17-19,F6,JUEVES,17-19,F6,,,,,,
180,181,TALLER DE HERRAMIENTAS PARA EL APRENDIZAJE,A,JUEVES/14-15/F5,VIERNES/13-15/CENTRO DE COMPUTO 1,,,JOSE GUSTAVO SAMANO DAVILA,JOSE GUSTAVO SAMANO DAVILA,,,,JUEVES,14-15,F5,VIERNES,13-15,CENTRO DE COMPUTO 1,,,,,,
181,182,TECNICAS FISICAS PARA DIAGNOSTICO MEDICO Y TERAPIA,A,MARTES/17-19/F8,JUEVES/17-19/F8,,,MARYSOL GARCIA PEREZ,MARYSOL GARCIA PEREZ,,,,MARTES,17-19,F8,JUEVES,17-19,F8,,,,,,
182,183,TEMAS SELECTOS DE INGENIERIA BIOMEDICA,A,LUNES/17-19/C2,MIERCOLES/18-19/C3,,,VICTOR HUGO HERNANDEZ GONZALEZ,VICTOR HUGO HERNANDEZ GONZALEZ,,,,LUNES,17-19,C2,MIERCOLES,18-19,C3,,,,,,
183,184,TEORIA CLASICA DE CAMPOS,A,LUNES/17-19/SALA DE JUNTAS EDIF. B,"JUEVES/17-19/SALA DE JUNTAS, EDIF. B",,,ALBERTO DIEZ TEJEDOR,ALBERTO DIEZ TEJEDOR,,,,LUNES,17-19,SALA DE JUNTAS EDIF. B,JUEVES,17-19,"SALA DE JUNTAS, EDIF. B",,,,,,
184,185,TEORIA DE GRUPOS,A,"LUNES/15-17/SALA DE JUNTAS EDIF, B",MIERCOLES/15-17/SALA DE JUNTAS EDIF. B,,,CARLOS ALBERTO VAQUERA ARAUJO,CARLOS ALBERTO VAQUERA ARAUJO,,,,LUNES,15-17,"SALA DE JUNTAS EDIF, B",MIERCOLES,15-17,SALA DE JUNTAS EDIF. B,,,,,,
185,186,TEORIA DE LA DISPERSION,A,MARTES/10-12/ SALA DE JUNTAS  EDIF. A,JUEVES/10-12/ SALA DE JUNTAS  EDIF. A,,,DAVID YVES GHISLAIN DELEPINE,DAVID YVES GHISLAIN DELEPINE,,,,MARTES,10-12,SALA DE JUNTAS  EDIF. A,JUEVES,10-12,SALA DE JUNTAS  EDIF. A,,,,,,
186,187,TERMODINAMICA,A-I,MARTES/13-15/F5,JUEVES/12-14/F5,"MARTES/8-10/LAB. DE TERMODINAMICA, EDIF. G",,FRANCISCO ALARCON OSEGUERA/MIGUEL ANGEL SANDOVAL PUENTES,FRANCISCO ALARCON OSEGUERA,MIGUEL ANGEL SANDOVAL PUENTES,,,MARTES,13-15,F5,JUEVES,12-14,F5,MARTES,8-10,"LAB. DE TERMODINAMICA, EDIF. G",,,
187,188,TERMODINAMICA,A-III,MARTES/13-15/F5,JUEVES/12-14/F5,"JUEVES/14-16/LAB. DE TERMODINAMICA, EDIF. G",,FRANCISCO ALARCON OSEGUERA/ARON HERNANDEZ TRINIDAD,FRANCISCO ALARCON OSEGUERA,ARON HERNANDEZ TRINIDAD,,,MARTES,13-15,F5,JUEVES,12-14,F5,JUEVES,14-16,"LAB. DE TERMODINAMICA, EDIF. G",,,
188,189,TERMODINAMICA,B-II,MARTES/8-10/ C3,VIERNES/8-10/C3,"VIERNES/10-12/LAB. DE QUIMICA, EDIF. G",,MARIA ARACELI RUIZ AVALOS/ARON HERNANDEZ TRINIDAD,MARIA ARACELI RUIZ AVALOS,ARON HERNANDEZ TRINIDAD,,,MARTES,8-10,C3,VIERNES,8-10,C3,VIERNES,10-12,"LAB. DE QUIMICA, EDIF. G",,,
189,190,TERMODINAMICA QUIMICA,A-I,LUNES/10-12/F2,MIERCOLES/8-10/CENTRO DE COMPUTO 2,VIERNES/8-10/LAB. DE QUIMICA EDIFICIO G,,SUSANA FIGUEROA GERSTENMAIER/JULIO CESAR ARMAS PEREZ,SUSANA FIGUEROA GERSTENMAIER,JULIO CESAR ARMAS PEREZ,,,LUNES,10-12,F2,MIERCOLES,8-10,CENTRO DE COMPUTO 2,VIERNES,8-10,LAB. DE QUIMICA EDIFICIO G,,,
190,191,TOPICOS SELECTOS DE ASTRONOMIA,A,LUNES/15-17/C2,JUEVES/15-17/C2,,,CARSTEN HOLTFORT,CARSTEN HOLTFORT,,,,LUNES,15-17,C2,JUEVES,15-17,C2,,,,,,
191,192,VARIABLE COMPLEJA,A,LUNES/8-10/F9,MIERCOLES/8-10/F9,,,JOSE TORRES ARENAS,JOSE TORRES ARENAS,,,,LUNES,8-10,F9,MIERCOLES,8-10,F9,,,,,,
192,193,VARIABLE COMPLEJA,B,MIERCOLES/10-12/G1,VIERNES/12-14/G1,,,GUSTAVO NIZ QUEVEDO,GUSTAVO NIZ QUEVEDO,,,,MIERCOLES,10-12,G1,VIERNES,12-14,G1,,,,,,
193,194,VARIABLE COMPLEJA,C,MARTES/12-14/C3,MIERCOLES/10-12/C3,,,OSCAR MIGUEL SABIDO MORENO,OSCAR MIGUEL SABIDO MORENO,,,,MARTES,12-14,C3,MIERCOLES,10-12,C3,,,,,,
